record_id,animal_id,species,breed,age_years,gender,weight_kg,body_temperature_c,symptoms,clinical_signs,disease,risk_score,risk_level,possible_risks,recommendation,status,report_date,village,taluka,district,state,owner_name,image_class_folder
HR0001,DS001,Cow,Sahiwal,9.8,Female,495,38.8,,"Alert, normal gait, normal milk yield",Healthy,0,Low,General health concern,Continue preventive care and monitor for new symptoms.,Verified,2026-08-13,Phaltan,Phaltan,Satara,Maharashtra,Balasaheb Kadam,Disease_Images/Healthy
HR0002,DS002,Cow,Deoni,1.2,Male,451,38.9,,"Alert, normal gait, normal milk yield",Healthy,0,Low,General health concern,Continue preventive care and monitor for new symptoms.,Verified,2026-07-19,Phaltan,Phaltan,Satara,Maharashtra,Dattatray Deshmukh,Disease_Images/Healthy
HR0003,DS003,Buffalo,Murrah,8.2,Male,466,40.5,fever;loss of appetite;skin problem,"Painful hooves, mouth ulcers, sudden drop in milk yield",Foot_Mouth_Disease,75,High,Skin-related infection risk;Systemic illness risk,Contact a veterinarian promptly and isolate the animal if advised by the veterinarian.,Needs Review,2026-08-26,Rahuri,Rahuri,Ahmednagar,Maharashtra,Anita Deshmukh,Disease_Images/Foot_Mouth_Disease
HR0004,DS004,Buffalo,Pandharpuri,6.7,Female,569,40.0,reduced milk production;fever,"Hard quarter of udder, flakes in milk, kicks when milked",Mastitis,37,Medium,General health concern,Monitor the animal closely and consider veterinary consultation.,Needs Review,2026-09-09,Phaltan,Phaltan,Satara,Maharashtra,Lata Salunkhe,Disease_Images/Mastitis
HR0005,DS005,Cow,Deoni,6.1,Male,374,39.5,skin problem;fever,"Skin nodules with scabs, reduced movement, watery eyes",Lumpy_Skin_Disease,50,High,Skin-related infection risk,Contact a veterinarian promptly and isolate the animal if advised by the veterinarian.,Verified,2026-07-24,Karad,Karad,Satara,Maharashtra,Anita Kadam,Disease_Images/Lumpy_Skin_Disease
HR0006,DS005,Cow,Deoni,6.1,Male,374,38.9,,"Alert, normal gait, normal milk yield",Healthy,0,Low,General health concern,Continue preventive care and monitor for new symptoms.,Verified,2026-08-06,Karad,Karad,Satara,Maharashtra,Anita Kadam,Disease_Images/Healthy
HR0007,DS006,Cow,Holstein Friesian,2.6,Female,483,40.6,fever;loss of appetite;reduced milk production,"Excess salivation, smacking lips, blisters on tongue, reluctant to walk",Foot_Mouth_Disease,62,High,Systemic illness risk,Contact a veterinarian promptly and isolate the animal if advised by the veterinarian.,Open,2026-07-13,Niphad,Niphad,Nashik,Maharashtra,Shivaji More,Disease_Images/Foot_Mouth_Disease
HR0008,DS006,Cow,Holstein Friesian,2.6,Female,483,38.8,,"Alert, normal gait, normal milk yield",Healthy,0,Low,General health concern,Continue preventive care and monitor for new symptoms.,Verified,2026-07-29,Niphad,Niphad,Nashik,Maharashtra,Shivaji More,Disease_Images/Healthy
HR0009,DS007,Cow,Gir,8.6,Female,453,41.3,fever;loss of appetite;reduced milk production;weakness,"Excess salivation, smacking lips, blisters on tongue, reluctant to walk",Foot_Mouth_Disease,74,High,Systemic illness risk,Contact a veterinarian promptly and isolate the animal if advised by the veterinarian.,Verified,2026-09-07,Sangamner,Sangamner,Ahmednagar,Maharashtra,Vijay Chavan,Disease_Images/Foot_Mouth_Disease
HR0010,DS008,Cow,Khillar,5.3,Female,510,40.0,reduced milk production;fever;weakness,Swollen hot painful udder; clotted or watery milk,Mastitis,49,Medium,General health concern,Monitor the animal closely and consider veterinary consultation.,Open,2026-07-17,Phaltan,Phaltan,Satara,Maharashtra,Sunita More,Disease_Images/Mastitis
HR0011,DS008,Cow,Khillar,5.3,Female,510,38.6,,"Alert, normal gait, normal milk yield",Healthy,0,Low,General health concern,Continue preventive care and monitor for new symptoms.,Verified,2026-08-03,Phaltan,Phaltan,Satara,Maharashtra,Sunita More,Disease_Images/Healthy
HR0012,DS009,Cow,Gir,7.5,Male,511,39.2,skin problem;loss of appetite,Circular hairless scaly patches on face and neck,Ringworm,50,High,Skin-related infection risk,Contact a veterinarian promptly and isolate the animal if advised by the veterinarian.,Verified,2026-06-15,Karad,Karad,Satara,Maharashtra,Nitin More,Disease_Images/Ringworm
HR0013,DS010,Cow,Red Kandhari,9.0,Female,433,40.4,skin problem;fever;loss of appetite,"Multiple raised skin nodules, nasal discharge, swelling of legs",Lumpy_Skin_Disease,75,High,Skin-related infection risk;Systemic illness risk,Contact a veterinarian promptly and isolate the animal if advised by the veterinarian.,Needs Review,2026-08-29,Shirol,Shirol,Kolhapur,Maharashtra,Ganesh More,Disease_Images/Lumpy_Skin_Disease
HR0014,DS010,Cow,Red Kandhari,9.0,Female,433,38.8,,No abnormal signs; normal feeding and rumination,Healthy,0,Low,General health concern,Continue preventive care and monitor for new symptoms.,Verified,2026-09-14,Shirol,Shirol,Kolhapur,Maharashtra,Ganesh More,Disease_Images/Healthy
HR0015,DS011,Cow,Gir,9.4,Female,295,39.0,,"Alert, normal gait, normal milk yield",Healthy,0,Low,General health concern,Continue preventive care and monitor for new symptoms.,Verified,2026-05-19,Shirol,Shirol,Kolhapur,Maharashtra,Rajesh Pawar,Disease_Images/Healthy
HR0016,DS012,Cow,Sahiwal,3.6,Female,514,39.8,reduced milk production;fever,Swollen hot painful udder; clotted or watery milk,Mastitis,37,Medium,General health concern,Monitor the animal closely and consider veterinary consultation.,Open,2026-07-01,Junnar,Junnar,Pune,Maharashtra,Sachin More,Disease_Images/Mastitis
HR0017,DS013,Buffalo,Pandharpuri,2.0,Female,557,39.5,skin problem;fever;loss of appetite,"Multiple raised skin nodules, nasal discharge, swelling of legs",Lumpy_Skin_Disease,75,High,Skin-related infection risk;Systemic illness risk,Contact a veterinarian promptly and isolate the animal if advised by the veterinarian.,Verified,2026-08-11,Karad,Karad,Satara,Maharashtra,Sachin Chavan,Disease_Images/Lumpy_Skin_Disease
HR0018,DS013,Buffalo,Pandharpuri,2.0,Female,557,38.6,,"Alert, normal gait, normal milk yield",Healthy,0,Low,General health concern,Continue preventive care and monitor for new symptoms.,Verified,2026-08-28,Karad,Karad,Satara,Maharashtra,Sachin Chavan,Disease_Images/Healthy
HR0019,DS014,Cow,Deoni,10.5,Female,291,39.8,reduced milk production;fever;loss of appetite,"Hard quarter of udder, flakes in milk, kicks when milked",Mastitis,62,High,Systemic illness risk,Contact a veterinarian promptly and isolate the animal if advised by the veterinarian.,Open,2026-07-07,Karad,Karad,Satara,Maharashtra,Mangal Salunkhe,Disease_Images/Mastitis
HR0020,DS014,Cow,Deoni,10.5,Female,291,38.1,,"Alert, normal gait, normal milk yield",Healthy,0,Low,General health concern,Continue preventive care and monitor for new symptoms.,Verified,2026-07-22,Karad,Karad,Satara,Maharashtra,Mangal Salunkhe,Disease_Images/Healthy
HR0021,DS015,Buffalo,Nili-Ravi,7.3,Female,600,40.8,fever;loss of appetite;reduced milk production,"Excess salivation, smacking lips, blisters on tongue, reluctant to walk",Foot_Mouth_Disease,62,High,Systemic illness risk,Contact a veterinarian promptly and isolate the animal if advised by the veterinarian.,Verified,2026-08-09,Niphad,Niphad,Nashik,Maharashtra,Prakash Patil,Disease_Images/Foot_Mouth_Disease
HR0022,DS015,Buffalo,Nili-Ravi,7.3,Female,600,38.4,,No abnormal signs; normal feeding and rumination,Healthy,0,Low,General health concern,Continue preventive care and monitor for new symptoms.,Verified,2026-08-27,Niphad,Niphad,Nashik,Maharashtra,Prakash Patil,Disease_Images/Healthy
HR0023,DS016,Cow,Khillar,9.9,Female,302,40.0,skin problem;fever,"Skin nodules with scabs, reduced movement, watery eyes",Lumpy_Skin_Disease,50,High,Skin-related infection risk,Contact a veterinarian promptly and isolate the animal if advised by the veterinarian.,Open,2026-08-03,Phaltan,Phaltan,Satara,Maharashtra,Bhagwan Shinde,Disease_Images/Lumpy_Skin_Disease
HR0024,DS016,Cow,Khillar,9.9,Female,302,38.1,,"Alert, normal gait, normal milk yield",Healthy,0,Low,General health concern,Continue preventive care and monitor for new symptoms.,Verified,2026-08-24,Phaltan,Phaltan,Satara,Maharashtra,Bhagwan Shinde,Disease_Images/Healthy
HR0025,DS017,Cow,Red Kandhari,4.5,Female,508,39.8,reduced milk production,"Hard quarter of udder, flakes in milk, kicks when milked",Mastitis,12,Low,General health concern,Continue preventive care and monitor for new symptoms.,Open,2026-07-30,Karad,Karad,Satara,Maharashtra,Bhagwan Patil,Disease_Images/Mastitis
HR0026,DS017,Cow,Red Kandhari,4.5,Female,508,38.1,,No abnormal signs; normal feeding and rumination,Healthy,0,Low,General health concern,Continue preventive care and monitor for new symptoms.,Verified,2026-08-09,Karad,Karad,Satara,Maharashtra,Bhagwan Patil,Disease_Images/Healthy
HR0027,DS018,Cow,Crossbred,7.9,Female,410,40.0,reduced milk production;weakness,"Hard quarter of udder, flakes in milk, kicks when milked",Mastitis,24,Low,General health concern,Continue preventive care and monitor for new symptoms.,Open,2026-07-16,Baramati,Baramati,Pune,Maharashtra,Anita Gaikwad,Disease_Images/Mastitis
HR0028,DS019,Cow,Jersey,9.6,Female,355,40.2,skin problem;fever,"Firm skin nodules 2-5 cm on neck, back and legs; enlarged lymph nodes",Lumpy_Skin_Disease,50,High,Skin-related infection risk,Contact a veterinarian promptly and isolate the animal if advised by the veterinarian.,Verified,2026-06-22,Miraj,Miraj,Sangli,Maharashtra,Bhagwan Salunkhe,Disease_Images/Lumpy_Skin_Disease
HR0029,DS020,Buffalo,Murrah,3.9,Male,395,38.9,skin problem,Patchy hair loss with dry scales on shoulder,Ringworm,25,Medium,Skin-related infection risk,Monitor the animal closely and consider veterinary consultation.,Verified,2026-05-07,Sinnar,Sinnar,Nashik,Maharashtra,Ganesh More,Disease_Images/Ringworm
HR0030,DS021,Buffalo,Murrah,4.4,Female,552,39.0,skin problem,Patchy hair loss with dry scales on shoulder,Ringworm,25,Medium,Skin-related infection risk,Monitor the animal closely and consider veterinary consultation.,Open,2026-08-25,Hingna,Hingna,Nagpur,Maharashtra,Anita Bhosale,Disease_Images/Ringworm
HR0031,DS021,Buffalo,Murrah,4.4,Female,552,38.8,,No abnormal signs; normal feeding and rumination,Healthy,0,Low,General health concern,Continue preventive care and monitor for new symptoms.,Verified,2026-09-02,Hingna,Hingna,Nagpur,Maharashtra,Anita Bhosale,Disease_Images/Healthy
HR0032,DS022,Buffalo,Jaffarabadi,7.6,Female,553,40.4,skin problem;fever;loss of appetite;weakness,"Multiple raised skin nodules, nasal discharge, swelling of legs",Lumpy_Skin_Disease,87,High,Skin-related infection risk;Systemic illness risk,Contact a veterinarian promptly and isolate the animal if advised by the veterinarian.,Needs Review,2026-06-01,Baramati,Baramati,Pune,Maharashtra,Vijay Bhosale,Disease_Images/Lumpy_Skin_Disease
HR0033,DS023,Cow,Khillar,7.4,Female,375,38.3,,"Alert, normal gait, normal milk yield",Healthy,0,Low,General health concern,Continue preventive care and monitor for new symptoms.,Verified,2026-06-24,Niphad,Niphad,Nashik,Maharashtra,Balasaheb Kadam,Disease_Images/Healthy
HR0034,DS024,Cow,Deoni,9.4,Female,479,39.7,reduced milk production;fever,Swollen hot painful udder; clotted or watery milk,Mastitis,37,Medium,General health concern,Monitor the animal closely and consider veterinary consultation.,Needs Review,2026-07-15,Junnar,Junnar,Pune,Maharashtra,Balasaheb Kadam,Disease_Images/Mastitis
HR0035,DS024,Cow,Deoni,9.4,Female,479,38.4,,No abnormal signs; normal feeding and rumination,Healthy,0,Low,General health concern,Continue preventive care and monitor for new symptoms.,Verified,2026-07-29,Junnar,Junnar,Pune,Maharashtra,Balasaheb Kadam,Disease_Images/Healthy
HR0036,DS025,Buffalo,Nili-Ravi,7.3,Female,377,38.4,skin problem,Circular hairless scaly patches on face and neck,Ringworm,25,Medium,Skin-related infection risk,Monitor the animal closely and consider veterinary consultation.,Verified,2026-06-18,Hingna,Hingna,Nagpur,Maharashtra,Sunita Pawar,Disease_Images/Ringworm
HR0037,DS026,Cow,Gir,9.6,Male,425,39.9,skin problem;fever;reduced milk production,"Skin nodules with scabs, reduced movement, watery eyes",Lumpy_Skin_Disease,62,High,Skin-related infection risk,Contact a veterinarian promptly and isolate the animal if advised by the veterinarian.,Verified,2026-07-02,Karad,Karad,Satara,Maharashtra,Rajesh More,Disease_Images/Lumpy_Skin_Disease
HR0038,DS027,Goat,Sirohi,5.1,Female,40,39.0,,"Alert, normal gait, normal milk yield",Healthy,0,Low,General health concern,Continue preventive care and monitor for new symptoms.,Verified,2026-09-02,Phaltan,Phaltan,Satara,Maharashtra,Lata Bhosale,Disease_Images/Healthy
HR0039,DS028,Buffalo,Murrah,2.2,Female,439,40.9,skin problem;fever;loss of appetite,"Firm skin nodules 2-5 cm on neck, back and legs; enlarged lymph nodes",Lumpy_Skin_Disease,75,High,Skin-related infection risk;Systemic illness risk,Contact a veterinarian promptly and isolate the animal if advised by the veterinarian.,Verified,2026-05-05,Shirol,Shirol,Kolhapur,Maharashtra,Meena Kale,Disease_Images/Lumpy_Skin_Disease
HR0040,DS029,Buffalo,Jaffarabadi,7.1,Male,543,38.1,,No abnormal signs; normal feeding and rumination,Healthy,0,Low,General health concern,Continue preventive care and monitor for new symptoms.,Verified,2026-07-30,Miraj,Miraj,Sangli,Maharashtra,Ganesh Deshmukh,Disease_Images/Healthy
HR0041,DS030,Buffalo,Murrah,4.7,Male,531,40.7,skin problem;fever;reduced milk production;weakness,"Firm skin nodules 2-5 cm on neck, back and legs; enlarged lymph nodes",Lumpy_Skin_Disease,74,High,Skin-related infection risk,Contact a veterinarian promptly and isolate the animal if advised by the veterinarian.,Open,2026-08-10,Kagal,Kagal,Kolhapur,Maharashtra,Meena Kadam,Disease_Images/Lumpy_Skin_Disease
HR0042,DS030,Buffalo,Murrah,4.7,Male,531,38.7,,"Alert, normal gait, normal milk yield",Healthy,0,Low,General health concern,Continue preventive care and monitor for new symptoms.,Verified,2026-08-22,Kagal,Kagal,Kolhapur,Maharashtra,Meena Kadam,Disease_Images/Healthy
HR0043,DS031,Buffalo,Jaffarabadi,4.1,Female,420,39.8,skin problem;fever;loss of appetite;weakness,"Skin nodules with scabs, reduced movement, watery eyes",Lumpy_Skin_Disease,87,High,Skin-related infection risk;Systemic illness risk,Contact a veterinarian promptly and isolate the animal if advised by the veterinarian.,Open,2026-09-16,Shirol,Shirol,Kolhapur,Maharashtra,Bhagwan Jadhav,Disease_Images/Lumpy_Skin_Disease
HR0044,DS032,Buffalo,Murrah,5.3,Female,602,40.2,fever;skin problem,Vesicles and erosions in mouth and between hooves; drooling; lameness,Foot_Mouth_Disease,50,High,Skin-related infection risk,Contact a veterinarian promptly and isolate the animal if advised by the veterinarian.,Open,2026-08-03,Sangamner,Sangamner,Ahmednagar,Maharashtra,Suresh Chavan,Disease_Images/Foot_Mouth_Disease
HR0045,DS032,Buffalo,Murrah,5.3,Female,602,38.5,,No abnormal signs; normal feeding and rumination,Healthy,0,Low,General health concern,Continue preventive care and monitor for new symptoms.,Verified,2026-08-14,Sangamner,Sangamner,Ahmednagar,Maharashtra,Suresh Chavan,Disease_Images/Healthy
HR0046,DS033,Cow,Crossbred,5.1,Female,356,39.5,reduced milk production;loss of appetite,"Hard quarter of udder, flakes in milk, kicks when milked",Mastitis,37,Medium,General health concern,Monitor the animal closely and consider veterinary consultation.,Verified,2026-07-18,Kagal,Kagal,Kolhapur,Maharashtra,Sanjay Salunkhe,Disease_Images/Mastitis
HR0047,DS034,Cow,Holstein Friesian,7.5,Female,346,39.4,reduced milk production;fever,Udder swelling with reduced milk yield and mild fever,Mastitis,37,Medium,General health concern,Monitor the animal closely and consider veterinary consultation.,Needs Review,2026-08-15,Shirur,Shirur,Pune,Maharashtra,Sachin More,Disease_Images/Mastitis
HR0048,DS034,Cow,Holstein Friesian,7.5,Female,346,38.6,,No abnormal signs; normal feeding and rumination,Healthy,0,Low,General health concern,Continue preventive care and monitor for new symptoms.,Verified,2026-09-04,Shirur,Shirur,Pune,Maharashtra,Sachin More,Disease_Images/Healthy
HR0049,DS035,Sheep,Deccani,10.0,Female,59,38.1,,No abnormal signs; normal feeding and rumination,Healthy,0,Low,General health concern,Continue preventive care and monitor for new symptoms.,Verified,2026-06-20,Kamptee,Kamptee,Nagpur,Maharashtra,Shivaji Jadhav,Disease_Images/Healthy
HR0050,DS036,Buffalo,Pandharpuri,10.1,Female,398,38.3,skin problem,Patchy hair loss with dry scales on shoulder,Ringworm,25,Medium,Skin-related infection risk,Monitor the animal closely and consider veterinary consultation.,Open,2026-05-20,Kamptee,Kamptee,Nagpur,Maharashtra,Sopan Pawar,Disease_Images/Ringworm
HR0051,DS037,Cow,Sahiwal,10.1,Male,516,40.5,fever;loss of appetite;weakness,"Painful hooves, mouth ulcers, sudden drop in milk yield",Foot_Mouth_Disease,62,High,Systemic illness risk,Contact a veterinarian promptly and isolate the animal if advised by the veterinarian.,Verified,2026-08-11,Niphad,Niphad,Nashik,Maharashtra,Ramesh Chavan,Disease_Images/Foot_Mouth_Disease
HR0052,DS037,Cow,Sahiwal,10.1,Male,516,38.3,,"Alert, normal gait, normal milk yield",Healthy,0,Low,General health concern,Continue preventive care and monitor for new symptoms.,Verified,2026-09-01,Niphad,Niphad,Nashik,Maharashtra,Ramesh Chavan,Disease_Images/Healthy
HR0053,DS038,Buffalo,Pandharpuri,2.4,Female,394,38.6,,"Alert, normal gait, normal milk yield",Healthy,0,Low,General health concern,Continue preventive care and monitor for new symptoms.,Verified,2026-08-06,Rahuri,Rahuri,Ahmednagar,Maharashtra,Sanjay Deshmukh,Disease_Images/Healthy
HR0054,DS039,Buffalo,Pandharpuri,9.9,Female,468,40.5,fever;loss of appetite;reduced milk production;weakness,Vesicles and erosions in mouth and between hooves; drooling; lameness,Foot_Mouth_Disease,74,High,Systemic illness risk,Contact a veterinarian promptly and isolate the animal if advised by the veterinarian.,Open,2026-09-14,Niphad,Niphad,Nashik,Maharashtra,Prakash Chavan,Disease_Images/Foot_Mouth_Disease
HR0055,DS040,Buffalo,Nili-Ravi,2.9,Male,588,40.0,skin problem;fever;reduced milk production;weakness,"Skin nodules with scabs, reduced movement, watery eyes",Lumpy_Skin_Disease,74,High,Skin-related infection risk,Contact a veterinarian promptly and isolate the animal if advised by the veterinarian.,Verified,2026-06-03,Karad,Karad,Satara,Maharashtra,Sachin Jadhav,Disease_Images/Lumpy_Skin_Disease
HR0056,DS040,Buffalo,Nili-Ravi,2.9,Male,588,38.9,,"Alert, normal gait, normal milk yield",Healthy,0,Low,General health concern,Continue preventive care and monitor for new symptoms.,Verified,2026-06-20,Karad,Karad,Satara,Maharashtra,Sachin Jadhav,Disease_Images/Healthy
HR0057,DS041,Cow,Holstein Friesian,9.1,Male,518,38.7,,No abnormal signs; normal feeding and rumination,Healthy,0,Low,General health concern,Continue preventive care and monitor for new symptoms.,Verified,2026-08-23,Sangamner,Sangamner,Ahmednagar,Maharashtra,Shivaji Salunkhe,Disease_Images/Healthy
HR0058,DS042,Cow,Deoni,9.3,Female,297,38.3,,"Alert, normal gait, normal milk yield",Healthy,0,Low,General health concern,Continue preventive care and monitor for new symptoms.,Verified,2026-07-10,Pandharpur,Pandharpur,Solapur,Maharashtra,Vijay Bhosale,Disease_Images/Healthy
HR0059,DS043,Cow,Jersey,4.8,Female,402,40.3,reduced milk production;loss of appetite;weakness,Swollen hot painful udder; clotted or watery milk,Mastitis,49,Medium,General health concern,Monitor the animal closely and consider veterinary consultation.,Open,2026-05-02,Shirur,Shirur,Pune,Maharashtra,Balasaheb Shinde,Disease_Images/Mastitis
HR0060,DS044,Cow,Crossbred,5.1,Female,360,38.6,,"Alert, normal gait, normal milk yield",Healthy,0,Low,General health concern,Continue preventive care and monitor for new symptoms.,Verified,2026-07-21,Junnar,Junnar,Pune,Maharashtra,Balasaheb Deshmukh,Disease_Images/Healthy
HR0061,DS045,Cow,Holstein Friesian,10.9,Female,404,38.3,,No abnormal signs; normal feeding and rumination,Healthy,0,Low,General health concern,Continue preventive care and monitor for new symptoms.,Verified,2026-06-09,Phaltan,Phaltan,Satara,Maharashtra,Suresh Salunkhe,Disease_Images/Healthy
HR0062,DS046,Buffalo,Pandharpuri,4.0,Female,523,39.7,skin problem;fever;loss of appetite;reduced milk production;weakness,"Multiple raised skin nodules, nasal discharge, swelling of legs",Lumpy_Skin_Disease,99,High,Skin-related infection risk;Systemic illness risk,Contact a veterinarian promptly and isolate the animal if advised by the veterinarian.,Verified,2026-06-23,Shirol,Shirol,Kolhapur,Maharashtra,Balasaheb Chavan,Disease_Images/Lumpy_Skin_Disease
HR0063,DS046,Buffalo,Pandharpuri,4.0,Female,523,38.2,,No abnormal signs; normal feeding and rumination,Healthy,0,Low,General health concern,Continue preventive care and monitor for new symptoms.,Verified,2026-07-10,Shirol,Shirol,Kolhapur,Maharashtra,Balasaheb Chavan,Disease_Images/Healthy
HR0064,DS047,Cow,Gir,8.1,Male,495,40.0,skin problem;fever;loss of appetite;weakness,"Multiple raised skin nodules, nasal discharge, swelling of legs",Lumpy_Skin_Disease,87,High,Skin-related infection risk;Systemic illness risk,Contact a veterinarian promptly and isolate the animal if advised by the veterinarian.,Verified,2026-07-22,Kagal,Kagal,Kolhapur,Maharashtra,Meena Gaikwad,Disease_Images/Lumpy_Skin_Disease
HR0065,DS047,Cow,Gir,8.1,Male,495,38.9,,No abnormal signs; normal feeding and rumination,Healthy,0,Low,General health concern,Continue preventive care and monitor for new symptoms.,Verified,2026-08-11,Kagal,Kagal,Kolhapur,Maharashtra,Meena Gaikwad,Disease_Images/Healthy
HR0066,DS048,Cow,Gir,1.7,Male,308,40.9,fever;weakness,Vesicles and erosions in mouth and between hooves; drooling; lameness,Foot_Mouth_Disease,37,Medium,General health concern,Monitor the animal closely and consider veterinary consultation.,Verified,2026-07-23,Rahuri,Rahuri,Ahmednagar,Maharashtra,Kavita Salunkhe,Disease_Images/Foot_Mouth_Disease
HR0067,DS048,Cow,Gir,1.7,Male,308,38.4,,No abnormal signs; normal feeding and rumination,Healthy,0,Low,General health concern,Continue preventive care and monitor for new symptoms.,Verified,2026-08-02,Rahuri,Rahuri,Ahmednagar,Maharashtra,Kavita Salunkhe,Disease_Images/Healthy
HR0068,DS049,Cow,Deoni,2.4,Male,391,38.5,,"Alert, normal gait, normal milk yield",Healthy,0,Low,General health concern,Continue preventive care and monitor for new symptoms.,Verified,2026-09-18,Shirol,Shirol,Kolhapur,Maharashtra,Meena Salunkhe,Disease_Images/Healthy
HR0069,DS050,Cow,Jersey,3.6,Male,435,38.6,,"Alert, normal gait, normal milk yield",Healthy,0,Low,General health concern,Continue preventive care and monitor for new symptoms.,Verified,2026-05-04,Sinnar,Sinnar,Nashik,Maharashtra,Shivaji Jadhav,Disease_Images/Healthy
HR0070,DS051,Cow,Crossbred,5.4,Female,327,38.3,,"Alert, normal gait, normal milk yield",Healthy,0,Low,General health concern,Continue preventive care and monitor for new symptoms.,Verified,2026-07-16,Sangamner,Sangamner,Ahmednagar,Maharashtra,Mangal Kadam,Disease_Images/Healthy
HR0071,DS052,Buffalo,Murrah,6.1,Male,547,38.6,skin problem,Circular hairless scaly patches on face and neck,Ringworm,25,Medium,Skin-related infection risk,Monitor the animal closely and consider veterinary consultation.,Open,2026-05-21,Kagal,Kagal,Kolhapur,Maharashtra,Dattatray Kale,Disease_Images/Ringworm
HR0072,DS053,Cow,Sahiwal,5.9,Male,390,40.5,skin problem;fever;loss of appetite,"Skin nodules with scabs, reduced movement, watery eyes",Lumpy_Skin_Disease,75,High,Skin-related infection risk;Systemic illness risk,Contact a veterinarian promptly and isolate the animal if advised by the veterinarian.,Verified,2026-07-22,Shirol,Shirol,Kolhapur,Maharashtra,Dattatray Gaikwad,Disease_Images/Lumpy_Skin_Disease
HR0073,DS054,Cow,Khillar,5.6,Female,288,40.9,skin problem;fever;loss of appetite;reduced milk production;weakness,"Skin nodules with scabs, reduced movement, watery eyes",Lumpy_Skin_Disease,99,High,Skin-related infection risk;Systemic illness risk,Contact a veterinarian promptly and isolate the animal if advised by the veterinarian.,Open,2026-09-20,Shirol,Shirol,Kolhapur,Maharashtra,Nitin Patil,Disease_Images/Lumpy_Skin_Disease
HR0074,DS055,Buffalo,Nili-Ravi,5.8,Female,411,38.8,,"Alert, normal gait, normal milk yield",Healthy,0,Low,General health concern,Continue preventive care and monitor for new symptoms.,Verified,2026-06-12,Niphad,Niphad,Nashik,Maharashtra,Lata More,Disease_Images/Healthy
HR0075,DS056,Cow,Khillar,9.0,Female,348,38.2,,"Alert, normal gait, normal milk yield",Healthy,0,Low,General health concern,Continue preventive care and monitor for new symptoms.,Verified,2026-06-24,Pandharpur,Pandharpur,Solapur,Maharashtra,Rajesh Jadhav,Disease_Images/Healthy
HR0076,DS057,Buffalo,Jaffarabadi,4.6,Male,601,39.0,skin problem,Patchy hair loss with dry scales on shoulder,Ringworm,25,Medium,Skin-related infection risk,Monitor the animal closely and consider veterinary consultation.,Open,2026-09-20,Shirur,Shirur,Pune,Maharashtra,Balasaheb Patil,Disease_Images/Ringworm
HR0077,DS058,Buffalo,Nili-Ravi,8.2,Female,419,39.5,skin problem;fever;loss of appetite,"Skin nodules with scabs, reduced movement, watery eyes",Lumpy_Skin_Disease,75,High,Skin-related infection risk;Systemic illness risk,Contact a veterinarian promptly and isolate the animal if advised by the veterinarian.,Verified,2026-09-04,Miraj,Miraj,Sangli,Maharashtra,Suresh Kadam,Disease_Images/Lumpy_Skin_Disease
HR0078,DS059,Cow,Jersey,1.1,Female,339,38.5,,"Alert, normal gait, normal milk yield",Healthy,0,Low,General health concern,Continue preventive care and monitor for new symptoms.,Verified,2026-06-15,Hingna,Hingna,Nagpur,Maharashtra,Dattatray Shinde,Disease_Images/Healthy
HR0079,DS060,Cow,Holstein Friesian,5.5,Female,334,38.2,,No abnormal signs; normal feeding and rumination,Healthy,0,Low,General health concern,Continue preventive care and monitor for new symptoms.,Verified,2026-06-12,Hingna,Hingna,Nagpur,Maharashtra,Bhagwan More,Disease_Images/Healthy
HR0080,DS061,Cow,Khillar,7.6,Female,473,40.7,skin problem;fever,"Skin nodules with scabs, reduced movement, watery eyes",Lumpy_Skin_Disease,50,High,Skin-related infection risk,Contact a veterinarian promptly and isolate the animal if advised by the veterinarian.,Verified,2026-08-08,Shirol,Shirol,Kolhapur,Maharashtra,Bhagwan Patil,Disease_Images/Lumpy_Skin_Disease
HR0081,DS061,Cow,Khillar,7.6,Female,473,38.5,,No abnormal signs; normal feeding and rumination,Healthy,0,Low,General health concern,Continue preventive care and monitor for new symptoms.,Verified,2026-08-23,Shirol,Shirol,Kolhapur,Maharashtra,Bhagwan Patil,Disease_Images/Healthy
HR0082,DS062,Cow,Red Kandhari,10.6,Female,371,38.7,,"Alert, normal gait, normal milk yield",Healthy,0,Low,General health concern,Continue preventive care and monitor for new symptoms.,Verified,2026-06-17,Sangamner,Sangamner,Ahmednagar,Maharashtra,Vijay Kale,Disease_Images/Healthy
HR0083,DS063,Cow,Jersey,2.0,Male,409,38.6,,"Alert, normal gait, normal milk yield",Healthy,0,Low,General health concern,Continue preventive care and monitor for new symptoms.,Verified,2026-07-31,Niphad,Niphad,Nashik,Maharashtra,Suresh Gaikwad,Disease_Images/Healthy
HR0084,DS064,Buffalo,Jaffarabadi,4.7,Male,520,40.1,skin problem;fever;loss of appetite;reduced milk production,"Multiple raised skin nodules, nasal discharge, swelling of legs",Lumpy_Skin_Disease,87,High,Skin-related infection risk;Systemic illness risk,Contact a veterinarian promptly and isolate the animal if advised by the veterinarian.,Needs Review,2026-08-28,Kagal,Kagal,Kolhapur,Maharashtra,Bhagwan Gaikwad,Disease_Images/Lumpy_Skin_Disease
HR0085,DS064,Buffalo,Jaffarabadi,4.7,Male,520,38.4,,"Alert, normal gait, normal milk yield",Healthy,0,Low,General health concern,Continue preventive care and monitor for new symptoms.,Verified,2026-09-08,Kagal,Kagal,Kolhapur,Maharashtra,Bhagwan Gaikwad,Disease_Images/Healthy
HR0086,DS065,Cow,Gir,1.4,Female,387,38.8,,No abnormal signs; normal feeding and rumination,Healthy,0,Low,General health concern,Continue preventive care and monitor for new symptoms.,Verified,2026-05-05,Sangamner,Sangamner,Ahmednagar,Maharashtra,Mangal More,Disease_Images/Healthy
HR0087,DS066,Cow,Gir,3.9,Female,291,38.3,,"Alert, normal gait, normal milk yield",Healthy,0,Low,General health concern,Continue preventive care and monitor for new symptoms.,Verified,2026-06-18,Hingna,Hingna,Nagpur,Maharashtra,Lata Kale,Disease_Images/Healthy
HR0088,DS067,Cow,Crossbred,4.0,Female,458,38.9,,"Alert, normal gait, normal milk yield",Healthy,0,Low,General health concern,Continue preventive care and monitor for new symptoms.,Verified,2026-07-29,Hingna,Hingna,Nagpur,Maharashtra,Sopan Chavan,Disease_Images/Healthy
HR0089,DS068,Cow,Sahiwal,5.1,Female,411,38.8,,"Alert, normal gait, normal milk yield",Healthy,0,Low,General health concern,Continue preventive care and monitor for new symptoms.,Verified,2026-09-05,Pandharpur,Pandharpur,Solapur,Maharashtra,Balasaheb Bhosale,Disease_Images/Healthy
HR0090,DS069,Buffalo,Pandharpuri,5.5,Male,487,38.3,skin problem,Patchy hair loss with dry scales on shoulder,Ringworm,25,Medium,Skin-related infection risk,Monitor the animal closely and consider veterinary consultation.,Verified,2026-07-12,Junnar,Junnar,Pune,Maharashtra,Sachin Kadam,Disease_Images/Ringworm
HR0091,DS069,Buffalo,Pandharpuri,5.5,Male,487,38.4,,"Alert, normal gait, normal milk yield",Healthy,0,Low,General health concern,Continue preventive care and monitor for new symptoms.,Verified,2026-07-26,Junnar,Junnar,Pune,Maharashtra,Sachin Kadam,Disease_Images/Healthy
HR0092,DS070,Buffalo,Jaffarabadi,2.9,Female,458,40.5,skin problem;fever;reduced milk production,"Skin nodules with scabs, reduced movement, watery eyes",Lumpy_Skin_Disease,62,High,Skin-related infection risk,Contact a veterinarian promptly and isolate the animal if advised by the veterinarian.,Needs Review,2026-09-16,Baramati,Baramati,Pune,Maharashtra,Ramesh Patil,Disease_Images/Lumpy_Skin_Disease
HR0093,DS071,Cow,Jersey,7.4,Female,394,41.5,fever;reduced milk production;weakness,Vesicles and erosions in mouth and between hooves; drooling; lameness,Foot_Mouth_Disease,49,Medium,General health concern,Monitor the animal closely and consider veterinary consultation.,Open,2026-08-10,Rahuri,Rahuri,Ahmednagar,Maharashtra,Shivaji Salunkhe,Disease_Images/Foot_Mouth_Disease
HR0094,DS072,Buffalo,Murrah,8.8,Female,461,39.7,skin problem;fever;loss of appetite,"Skin nodules with scabs, reduced movement, watery eyes",Lumpy_Skin_Disease,75,High,Skin-related infection risk;Systemic illness risk,Contact a veterinarian promptly and isolate the animal if advised by the veterinarian.,Needs Review,2026-06-11,Kagal,Kagal,Kolhapur,Maharashtra,Sachin Salunkhe,Disease_Images/Lumpy_Skin_Disease
HR0095,DS072,Buffalo,Murrah,8.8,Female,461,38.7,,"Alert, normal gait, normal milk yield",Healthy,0,Low,General health concern,Continue preventive care and monitor for new symptoms.,Verified,2026-07-01,Kagal,Kagal,Kolhapur,Maharashtra,Sachin Salunkhe,Disease_Images/Healthy
HR0096,DS073,Buffalo,Murrah,10.4,Female,429,38.3,,No abnormal signs; normal feeding and rumination,Healthy,0,Low,General health concern,Continue preventive care and monitor for new symptoms.,Verified,2026-07-14,Rahuri,Rahuri,Ahmednagar,Maharashtra,Ramesh More,Disease_Images/Healthy
HR0097,DS074,Buffalo,Murrah,4.6,Female,431,38.1,,No abnormal signs; normal feeding and rumination,Healthy,0,Low,General health concern,Continue preventive care and monitor for new symptoms.,Verified,2026-06-17,Baramati,Baramati,Pune,Maharashtra,Sachin Deshmukh,Disease_Images/Healthy
HR0098,DS075,Cow,Sahiwal,6.6,Female,496,39.4,reduced milk production;fever;weakness,Udder swelling with reduced milk yield and mild fever,Mastitis,49,Medium,General health concern,Monitor the animal closely and consider veterinary consultation.,Verified,2026-07-23,Baramati,Baramati,Pune,Maharashtra,Sunita Deshmukh,Disease_Images/Mastitis
HR0099,DS075,Cow,Sahiwal,6.6,Female,496,38.1,,No abnormal signs; normal feeding and rumination,Healthy,0,Low,General health concern,Continue preventive care and monitor for new symptoms.,Verified,2026-08-03,Baramati,Baramati,Pune,Maharashtra,Sunita Deshmukh,Disease_Images/Healthy
HR0100,DS076,Cow,Sahiwal,6.7,Female,346,39.6,reduced milk production;fever,Udder swelling with reduced milk yield and mild fever,Mastitis,37,Medium,General health concern,Monitor the animal closely and consider veterinary consultation.,Open,2026-08-25,Kagal,Kagal,Kolhapur,Maharashtra,Rajesh Pawar,Disease_Images/Mastitis
HR0101,DS076,Cow,Sahiwal,6.7,Female,346,38.0,,No abnormal signs; normal feeding and rumination,Healthy,0,Low,General health concern,Continue preventive care and monitor for new symptoms.,Verified,2026-09-02,Kagal,Kagal,Kolhapur,Maharashtra,Rajesh Pawar,Disease_Images/Healthy
HR0102,DS077,Cow,Gir,5.7,Female,304,38.4,,No abnormal signs; normal feeding and rumination,Healthy,0,Low,General health concern,Continue preventive care and monitor for new symptoms.,Verified,2026-09-13,Sangamner,Sangamner,Ahmednagar,Maharashtra,Anita Kadam,Disease_Images/Healthy
HR0103,DS078,Sheep,Deccani,2.1,Female,27,38.4,,"Alert, normal gait, normal milk yield",Healthy,0,Low,General health concern,Continue preventive care and monitor for new symptoms.,Verified,2026-06-28,Pandharpur,Pandharpur,Solapur,Maharashtra,Sunita Kale,Disease_Images/Healthy
HR0104,DS079,Cow,Red Kandhari,5.5,Female,312,39.7,reduced milk production;loss of appetite,Swollen hot painful udder; clotted or watery milk,Mastitis,37,Medium,General health concern,Monitor the animal closely and consider veterinary consultation.,Verified,2026-05-31,Karad,Karad,Satara,Maharashtra,Sachin Kale,Disease_Images/Mastitis
HR0105,DS080,Cow,Holstein Friesian,8.7,Female,360,40.4,skin problem;fever;loss of appetite;weakness,"Firm skin nodules 2-5 cm on neck, back and legs; enlarged lymph nodes",Lumpy_Skin_Disease,87,High,Skin-related infection risk;Systemic illness risk,Contact a veterinarian promptly and isolate the animal if advised by the veterinarian.,Open,2026-06-27,Shirol,Shirol,Kolhapur,Maharashtra,Prakash Bhosale,Disease_Images/Lumpy_Skin_Disease
HR0106,DS080,Cow,Holstein Friesian,8.7,Female,360,38.7,,"Alert, normal gait, normal milk yield",Healthy,0,Low,General health concern,Continue preventive care and monitor for new symptoms.,Verified,2026-07-05,Shirol,Shirol,Kolhapur,Maharashtra,Prakash Bhosale,Disease_Images/Healthy
HR0107,DS081,Buffalo,Jaffarabadi,2.3,Female,521,38.6,,"Alert, normal gait, normal milk yield",Healthy,0,Low,General health concern,Continue preventive care and monitor for new symptoms.,Verified,2026-06-17,Junnar,Junnar,Pune,Maharashtra,Mangal Kale,Disease_Images/Healthy
HR0108,DS082,Cow,Khillar,6.7,Female,355,38.6,,No abnormal signs; normal feeding and rumination,Healthy,0,Low,General health concern,Continue preventive care and monitor for new symptoms.,Verified,2026-08-05,Phaltan,Phaltan,Satara,Maharashtra,Dattatray Shinde,Disease_Images/Healthy
HR0109,DS083,Cow,Deoni,3.7,Female,415,40.5,reduced milk production;fever,"Hard quarter of udder, flakes in milk, kicks when milked",Mastitis,37,Medium,General health concern,Monitor the animal closely and consider veterinary consultation.,Open,2026-09-11,Junnar,Junnar,Pune,Maharashtra,Rajesh Patil,Disease_Images/Mastitis
HR0110,DS084,Buffalo,Nili-Ravi,10.6,Female,520,38.5,,"Alert, normal gait, normal milk yield",Healthy,0,Low,General health concern,Continue preventive care and monitor for new symptoms.,Verified,2026-08-28,Junnar,Junnar,Pune,Maharashtra,Ganesh Salunkhe,Disease_Images/Healthy
HR0111,DS085,Cow,Red Kandhari,9.8,Female,510,38.8,skin problem,"Grey crusty round lesions around eyes, mild itching",Ringworm,25,Medium,Skin-related infection risk,Monitor the animal closely and consider veterinary consultation.,Open,2026-06-02,Phaltan,Phaltan,Satara,Maharashtra,Dattatray Bhosale,Disease_Images/Ringworm
HR0112,DS085,Cow,Red Kandhari,9.8,Female,510,38.0,,"Alert, normal gait, normal milk yield",Healthy,0,Low,General health concern,Continue preventive care and monitor for new symptoms.,Verified,2026-06-11,Phaltan,Phaltan,Satara,Maharashtra,Dattatray Bhosale,Disease_Images/Healthy
HR0113,DS086,Cow,Sahiwal,9.2,Female,474,40.9,skin problem;fever;reduced milk production,"Skin nodules with scabs, reduced movement, watery eyes",Lumpy_Skin_Disease,62,High,Skin-related infection risk,Contact a veterinarian promptly and isolate the animal if advised by the veterinarian.,Verified,2026-08-31,Karad,Karad,Satara,Maharashtra,Nitin Kale,Disease_Images/Lumpy_Skin_Disease
HR0114,DS086,Cow,Sahiwal,9.2,Female,474,38.8,,"Alert, normal gait, normal milk yield",Healthy,0,Low,General health concern,Continue preventive care and monitor for new symptoms.,Verified,2026-09-10,Karad,Karad,Satara,Maharashtra,Nitin Kale,Disease_Images/Healthy
HR0115,DS087,Cow,Deoni,1.2,Female,301,38.2,,No abnormal signs; normal feeding and rumination,Healthy,0,Low,General health concern,Continue preventive care and monitor for new symptoms.,Verified,2026-07-28,Karad,Karad,Satara,Maharashtra,Balasaheb Salunkhe,Disease_Images/Healthy
HR0116,DS088,Buffalo,Murrah,7.1,Female,578,38.3,,No abnormal signs; normal feeding and rumination,Healthy,0,Low,General health concern,Continue preventive care and monitor for new symptoms.,Verified,2026-05-03,Shirur,Shirur,Pune,Maharashtra,Meena Chavan,Disease_Images/Healthy
HR0117,DS089,Cow,Deoni,3.5,Female,466,39.9,skin problem;fever;loss of appetite;reduced milk production;weakness,"Multiple raised skin nodules, nasal discharge, swelling of legs",Lumpy_Skin_Disease,99,High,Skin-related infection risk;Systemic illness risk,Contact a veterinarian promptly and isolate the animal if advised by the veterinarian.,Open,2026-08-05,Miraj,Miraj,Sangli,Maharashtra,Sunita Shinde,Disease_Images/Lumpy_Skin_Disease
HR0118,DS090,Cow,Deoni,7.5,Male,306,38.3,,"Alert, normal gait, normal milk yield",Healthy,0,Low,General health concern,Continue preventive care and monitor for new symptoms.,Verified,2026-06-12,Sinnar,Sinnar,Nashik,Maharashtra,Sopan More,Disease_Images/Healthy
HR0119,DS091,Cow,Jersey,1.2,Female,491,38.0,,"Alert, normal gait, normal milk yield",Healthy,0,Low,General health concern,Continue preventive care and monitor for new symptoms.,Verified,2026-06-18,Sinnar,Sinnar,Nashik,Maharashtra,Kavita Shinde,Disease_Images/Healthy
HR0120,DS092,Cow,Crossbred,5.3,Female,434,38.4,,No abnormal signs; normal feeding and rumination,Healthy,0,Low,General health concern,Continue preventive care and monitor for new symptoms.,Verified,2026-07-21,Phaltan,Phaltan,Satara,Maharashtra,Shivaji More,Disease_Images/Healthy
HR0121,DS093,Cow,Sahiwal,8.5,Female,494,40.9,skin problem;fever;reduced milk production;weakness,"Skin nodules with scabs, reduced movement, watery eyes",Lumpy_Skin_Disease,74,High,Skin-related infection risk,Contact a veterinarian promptly and isolate the animal if advised by the veterinarian.,Open,2026-08-20,Kagal,Kagal,Kolhapur,Maharashtra,Sopan Jadhav,Disease_Images/Lumpy_Skin_Disease
HR0122,DS094,Cow,Khillar,9.5,Female,297,41.2,fever;loss of appetite,"Excess salivation, smacking lips, blisters on tongue, reluctant to walk",Foot_Mouth_Disease,50,High,Systemic illness risk,Contact a veterinarian promptly and isolate the animal if advised by the veterinarian.,Needs Review,2026-08-21,Sinnar,Sinnar,Nashik,Maharashtra,Sachin Kadam,Disease_Images/Foot_Mouth_Disease
HR0123,DS095,Buffalo,Nili-Ravi,2.3,Female,444,38.4,,No abnormal signs; normal feeding and rumination,Healthy,0,Low,General health concern,Continue preventive care and monitor for new symptoms.,Verified,2026-07-11,Phaltan,Phaltan,Satara,Maharashtra,Meena Deshmukh,Disease_Images/Healthy
HR0124,DS096,Buffalo,Jaffarabadi,6.8,Female,544,38.1,,"Alert, normal gait, normal milk yield",Healthy,0,Low,General health concern,Continue preventive care and monitor for new symptoms.,Verified,2026-06-13,Baramati,Baramati,Pune,Maharashtra,Ramesh Pawar,Disease_Images/Healthy
HR0125,DS097,Cow,Gir,8.0,Female,354,38.3,,"Alert, normal gait, normal milk yield",Healthy,0,Low,General health concern,Continue preventive care and monitor for new symptoms.,Verified,2026-06-29,Pandharpur,Pandharpur,Solapur,Maharashtra,Ganesh Salunkhe,Disease_Images/Healthy
HR0126,DS098,Cow,Crossbred,8.8,Female,487,40.0,reduced milk production;fever;loss of appetite;weakness,"Hard quarter of udder, flakes in milk, kicks when milked",Mastitis,74,High,Systemic illness risk,Contact a veterinarian promptly and isolate the animal if advised by the veterinarian.,Verified,2026-08-22,Shirur,Shirur,Pune,Maharashtra,Anita Chavan,Disease_Images/Mastitis
HR0127,DS099,Cow,Red Kandhari,3.2,Female,414,38.3,,"Alert, normal gait, normal milk yield",Healthy,0,Low,General health concern,Continue preventive care and monitor for new symptoms.,Verified,2026-07-30,Kagal,Kagal,Kolhapur,Maharashtra,Rajesh Salunkhe,Disease_Images/Healthy
HR0128,DS100,Cow,Jersey,2.9,Female,517,38.9,,No abnormal signs; normal feeding and rumination,Healthy,0,Low,General health concern,Continue preventive care and monitor for new symptoms.,Verified,2026-08-18,Sangamner,Sangamner,Ahmednagar,Maharashtra,Dattatray Gaikwad,Disease_Images/Healthy
HR0129,DS101,Buffalo,Pandharpuri,7.9,Female,433,38.9,skin problem,Circular hairless scaly patches on face and neck,Ringworm,25,Medium,Skin-related infection risk,Monitor the animal closely and consider veterinary consultation.,Verified,2026-07-22,Shirol,Shirol,Kolhapur,Maharashtra,Vijay Salunkhe,Disease_Images/Ringworm
HR0130,DS101,Buffalo,Pandharpuri,7.9,Female,433,38.4,,No abnormal signs; normal feeding and rumination,Healthy,0,Low,General health concern,Continue preventive care and monitor for new symptoms.,Verified,2026-08-05,Shirol,Shirol,Kolhapur,Maharashtra,Vijay Salunkhe,Disease_Images/Healthy
HR0131,DS102,Cow,Holstein Friesian,8.4,Female,391,40.9,skin problem;fever;reduced milk production,"Firm skin nodules 2-5 cm on neck, back and legs; enlarged lymph nodes",Lumpy_Skin_Disease,62,High,Skin-related infection risk,Contact a veterinarian promptly and isolate the animal if advised by the veterinarian.,Verified,2026-07-17,Miraj,Miraj,Sangli,Maharashtra,Ramesh Patil,Disease_Images/Lumpy_Skin_Disease
HR0132,DS102,Cow,Holstein Friesian,8.4,Female,391,38.4,,"Alert, normal gait, normal milk yield",Healthy,0,Low,General health concern,Continue preventive care and monitor for new symptoms.,Verified,2026-08-04,Miraj,Miraj,Sangli,Maharashtra,Ramesh Patil,Disease_Images/Healthy
HR0133,DS103,Cow,Gir,2.9,Female,414,38.9,,"Alert, normal gait, normal milk yield",Healthy,0,Low,General health concern,Continue preventive care and monitor for new symptoms.,Verified,2026-06-01,Phaltan,Phaltan,Satara,Maharashtra,Dattatray Deshmukh,Disease_Images/Healthy
HR0134,DS104,Cow,Deoni,1.9,Male,466,40.7,skin problem;fever;loss of appetite;reduced milk production,"Firm skin nodules 2-5 cm on neck, back and legs; enlarged lymph nodes",Lumpy_Skin_Disease,87,High,Skin-related infection risk;Systemic illness risk,Contact a veterinarian promptly and isolate the animal if advised by the veterinarian.,Open,2026-07-22,Phaltan,Phaltan,Satara,Maharashtra,Bhagwan Kadam,Disease_Images/Lumpy_Skin_Disease
HR0135,DS104,Cow,Deoni,1.9,Male,466,38.8,,"Alert, normal gait, normal milk yield",Healthy,0,Low,General health concern,Continue preventive care and monitor for new symptoms.,Verified,2026-07-30,Phaltan,Phaltan,Satara,Maharashtra,Bhagwan Kadam,Disease_Images/Healthy
HR0136,DS105,Cow,Red Kandhari,7.9,Female,342,40.0,reduced milk production,Swollen hot painful udder; clotted or watery milk,Mastitis,12,Low,General health concern,Continue preventive care and monitor for new symptoms.,Verified,2026-08-15,Hingna,Hingna,Nagpur,Maharashtra,Bhagwan Kadam,Disease_Images/Mastitis
HR0137,DS105,Cow,Red Kandhari,7.9,Female,342,38.9,,"Alert, normal gait, normal milk yield",Healthy,0,Low,General health concern,Continue preventive care and monitor for new symptoms.,Verified,2026-09-03,Hingna,Hingna,Nagpur,Maharashtra,Bhagwan Kadam,Disease_Images/Healthy
HR0138,DS106,Buffalo,Nili-Ravi,9.7,Female,540,38.5,,No abnormal signs; normal feeding and rumination,Healthy,0,Low,General health concern,Continue preventive care and monitor for new symptoms.,Verified,2026-08-08,Junnar,Junnar,Pune,Maharashtra,Sunita Gaikwad,Disease_Images/Healthy
HR0139,DS107,Cow,Jersey,9.4,Female,485,41.5,fever;loss of appetite;reduced milk production;skin problem,"Excess salivation, smacking lips, blisters on tongue, reluctant to walk",Foot_Mouth_Disease,87,High,Skin-related infection risk;Systemic illness risk,Contact a veterinarian promptly and isolate the animal if advised by the veterinarian.,Verified,2026-07-20,Niphad,Niphad,Nashik,Maharashtra,Dattatray Pawar,Disease_Images/Foot_Mouth_Disease
HR0140,DS107,Cow,Jersey,9.4,Female,485,38.3,,"Alert, normal gait, normal milk yield",Healthy,0,Low,General health concern,Continue preventive care and monitor for new symptoms.,Verified,2026-08-03,Niphad,Niphad,Nashik,Maharashtra,Dattatray Pawar,Disease_Images/Healthy
HR0141,DS108,Buffalo,Pandharpuri,3.8,Female,480,39.8,reduced milk production;fever;weakness,Udder swelling with reduced milk yield and mild fever,Mastitis,49,Medium,General health concern,Monitor the animal closely and consider veterinary consultation.,Verified,2026-08-27,Junnar,Junnar,Pune,Maharashtra,Mangal Deshmukh,Disease_Images/Mastitis
HR0142,DS108,Buffalo,Pandharpuri,3.8,Female,480,38.7,,No abnormal signs; normal feeding and rumination,Healthy,0,Low,General health concern,Continue preventive care and monitor for new symptoms.,Verified,2026-09-15,Junnar,Junnar,Pune,Maharashtra,Mangal Deshmukh,Disease_Images/Healthy
HR0143,DS109,Buffalo,Murrah,9.2,Female,535,38.8,,No abnormal signs; normal feeding and rumination,Healthy,0,Low,General health concern,Continue preventive care and monitor for new symptoms.,Verified,2026-05-20,Sinnar,Sinnar,Nashik,Maharashtra,Vijay Patil,Disease_Images/Healthy
HR0144,DS110,Cow,Jersey,3.4,Female,316,40.3,loss of appetite;reduced milk production;weakness,"Painful hooves, mouth ulcers, sudden drop in milk yield",Foot_Mouth_Disease,49,Medium,General health concern,Monitor the animal closely and consider veterinary consultation.,Verified,2026-07-10,Pandharpur,Pandharpur,Solapur,Maharashtra,Balasaheb Kale,Disease_Images/Foot_Mouth_Disease
HR0145,DS110,Cow,Jersey,3.4,Female,316,38.5,,"Alert, normal gait, normal milk yield",Healthy,0,Low,General health concern,Continue preventive care and monitor for new symptoms.,Verified,2026-07-25,Pandharpur,Pandharpur,Solapur,Maharashtra,Balasaheb Kale,Disease_Images/Healthy
HR0146,DS111,Cow,Holstein Friesian,10.0,Female,329,40.3,skin problem;fever;loss of appetite;reduced milk production;weakness,"Multiple raised skin nodules, nasal discharge, swelling of legs",Lumpy_Skin_Disease,99,High,Skin-related infection risk;Systemic illness risk,Contact a veterinarian promptly and isolate the animal if advised by the veterinarian.,Verified,2026-05-22,Shirol,Shirol,Kolhapur,Maharashtra,Bhagwan Salunkhe,Disease_Images/Lumpy_Skin_Disease
HR0147,DS112,Cow,Sahiwal,6.0,Female,292,38.1,,No abnormal signs; normal feeding and rumination,Healthy,0,Low,General health concern,Continue preventive care and monitor for new symptoms.,Verified,2026-08-17,Karad,Karad,Satara,Maharashtra,Prakash Gaikwad,Disease_Images/Healthy
HR0148,DS113,Cow,Deoni,2.4,Female,303,38.3,,No abnormal signs; normal feeding and rumination,Healthy,0,Low,General health concern,Continue preventive care and monitor for new symptoms.,Verified,2026-08-11,Phaltan,Phaltan,Satara,Maharashtra,Dattatray Shinde,Disease_Images/Healthy
HR0149,DS114,Cow,Crossbred,7.6,Female,345,40.1,fever;loss of appetite;reduced milk production;weakness,Vesicles and erosions in mouth and between hooves; drooling; lameness,Foot_Mouth_Disease,74,High,Systemic illness risk,Contact a veterinarian promptly and isolate the animal if advised by the veterinarian.,Verified,2026-09-10,Rahuri,Rahuri,Ahmednagar,Maharashtra,Ganesh Jadhav,Disease_Images/Foot_Mouth_Disease
HR0150,DS115,Cow,Holstein Friesian,3.3,Female,339,40.1,reduced milk production;fever;weakness,"Hard quarter of udder, flakes in milk, kicks when milked",Mastitis,49,Medium,General health concern,Monitor the animal closely and consider veterinary consultation.,Verified,2026-05-11,Shirur,Shirur,Pune,Maharashtra,Kavita More,Disease_Images/Mastitis
HR0151,DS116,Cow,Deoni,1.5,Female,436,39.0,,"Alert, normal gait, normal milk yield",Healthy,0,Low,General health concern,Continue preventive care and monitor for new symptoms.,Verified,2026-07-18,Shirur,Shirur,Pune,Maharashtra,Rajesh Bhosale,Disease_Images/Healthy
HR0152,DS117,Cow,Khillar,6.5,Female,388,40.0,reduced milk production;weakness,Udder swelling with reduced milk yield and mild fever,Mastitis,24,Low,General health concern,Continue preventive care and monitor for new symptoms.,Open,2026-08-20,Baramati,Baramati,Pune,Maharashtra,Nitin Gaikwad,Disease_Images/Mastitis
HR0153,DS118,Cow,Jersey,4.1,Female,458,40.1,reduced milk production,Swollen hot painful udder; clotted or watery milk,Mastitis,12,Low,General health concern,Continue preventive care and monitor for new symptoms.,Verified,2026-08-17,Shirur,Shirur,Pune,Maharashtra,Nitin Shinde,Disease_Images/Mastitis
HR0154,DS119,Cow,Holstein Friesian,4.6,Female,392,40.0,skin problem;fever;reduced milk production,"Multiple raised skin nodules, nasal discharge, swelling of legs",Lumpy_Skin_Disease,62,High,Skin-related infection risk,Contact a veterinarian promptly and isolate the animal if advised by the veterinarian.,Verified,2026-08-24,Phaltan,Phaltan,Satara,Maharashtra,Suresh More,Disease_Images/Lumpy_Skin_Disease
HR0155,DS120,Cow,Red Kandhari,4.5,Male,372,40.7,skin problem;reduced milk production,"Multiple raised skin nodules, nasal discharge, swelling of legs",Lumpy_Skin_Disease,37,Medium,Skin-related infection risk,Monitor the animal closely and consider veterinary consultation.,Verified,2026-07-17,Miraj,Miraj,Sangli,Maharashtra,Meena More,Disease_Images/Lumpy_Skin_Disease
HR0156,DS120,Cow,Red Kandhari,4.5,Male,372,38.2,,No abnormal signs; normal feeding and rumination,Healthy,0,Low,General health concern,Continue preventive care and monitor for new symptoms.,Verified,2026-08-02,Miraj,Miraj,Sangli,Maharashtra,Meena More,Disease_Images/Healthy
HR0157,DS121,Cow,Deoni,5.4,Female,397,39.6,reduced milk production;fever;loss of appetite,Udder swelling with reduced milk yield and mild fever,Mastitis,62,High,Systemic illness risk,Contact a veterinarian promptly and isolate the animal if advised by the veterinarian.,Needs Review,2026-08-19,Baramati,Baramati,Pune,Maharashtra,Bhagwan Salunkhe,Disease_Images/Mastitis
HR0158,DS122,Cow,Jersey,5.4,Female,404,40.5,reduced milk production;fever,Udder swelling with reduced milk yield and mild fever,Mastitis,37,Medium,General health concern,Monitor the animal closely and consider veterinary consultation.,Verified,2026-06-26,Phaltan,Phaltan,Satara,Maharashtra,Ganesh Chavan,Disease_Images/Mastitis
HR0159,DS123,Cow,Holstein Friesian,3.9,Female,398,40.8,fever;loss of appetite;reduced milk production;weakness,Vesicles and erosions in mouth and between hooves; drooling; lameness,Foot_Mouth_Disease,74,High,Systemic illness risk,Contact a veterinarian promptly and isolate the animal if advised by the veterinarian.,Verified,2026-09-18,Sinnar,Sinnar,Nashik,Maharashtra,Vijay Jadhav,Disease_Images/Foot_Mouth_Disease
HR0160,DS124,Cow,Khillar,1.0,Male,358,39.0,,"Alert, normal gait, normal milk yield",Healthy,0,Low,General health concern,Continue preventive care and monitor for new symptoms.,Verified,2026-06-15,Phaltan,Phaltan,Satara,Maharashtra,Anita Gaikwad,Disease_Images/Healthy
HR0161,DS125,Cow,Crossbred,2.0,Female,294,38.5,,"Alert, normal gait, normal milk yield",Healthy,0,Low,General health concern,Continue preventive care and monitor for new symptoms.,Verified,2026-07-10,Miraj,Miraj,Sangli,Maharashtra,Anita Jadhav,Disease_Images/Healthy
HR0162,DS126,Cow,Red Kandhari,1.1,Female,314,39.9,fever;loss of appetite;reduced milk production;weakness,"Excess salivation, smacking lips, blisters on tongue, reluctant to walk",Foot_Mouth_Disease,74,High,Systemic illness risk,Contact a veterinarian promptly and isolate the animal if advised by the veterinarian.,Verified,2026-09-20,Sinnar,Sinnar,Nashik,Maharashtra,Suresh Patil,Disease_Images/Foot_Mouth_Disease
HR0163,DS127,Cow,Jersey,8.8,Male,448,39.5,skin problem;reduced milk production;weakness,"Firm skin nodules 2-5 cm on neck, back and legs; enlarged lymph nodes",Lumpy_Skin_Disease,49,Medium,Skin-related infection risk,Monitor the animal closely and consider veterinary consultation.,Verified,2026-07-22,Kagal,Kagal,Kolhapur,Maharashtra,Sachin Chavan,Disease_Images/Lumpy_Skin_Disease
HR0164,DS127,Cow,Jersey,8.8,Male,448,38.2,,No abnormal signs; normal feeding and rumination,Healthy,0,Low,General health concern,Continue preventive care and monitor for new symptoms.,Verified,2026-08-02,Kagal,Kagal,Kolhapur,Maharashtra,Sachin Chavan,Disease_Images/Healthy
HR0165,DS128,Cow,Sahiwal,6.3,Male,398,38.8,,No abnormal signs; normal feeding and rumination,Healthy,0,Low,General health concern,Continue preventive care and monitor for new symptoms.,Verified,2026-06-06,Phaltan,Phaltan,Satara,Maharashtra,Anita Shinde,Disease_Images/Healthy
HR0166,DS129,Buffalo,Nili-Ravi,10.6,Male,460,38.7,skin problem,Circular hairless scaly patches on face and neck,Ringworm,25,Medium,Skin-related infection risk,Monitor the animal closely and consider veterinary consultation.,Needs Review,2026-05-18,Kagal,Kagal,Kolhapur,Maharashtra,Sachin Salunkhe,Disease_Images/Ringworm
HR0167,DS129,Buffalo,Nili-Ravi,10.6,Male,460,38.7,,"Alert, normal gait, normal milk yield",Healthy,0,Low,General health concern,Continue preventive care and monitor for new symptoms.,Verified,2026-06-04,Kagal,Kagal,Kolhapur,Maharashtra,Sachin Salunkhe,Disease_Images/Healthy
HR0168,DS130,Buffalo,Murrah,2.2,Female,560,38.6,,No abnormal signs; normal feeding and rumination,Healthy,0,Low,General health concern,Continue preventive care and monitor for new symptoms.,Verified,2026-07-23,Miraj,Miraj,Sangli,Maharashtra,Ganesh Patil,Disease_Images/Healthy
HR0169,DS131,Buffalo,Jaffarabadi,7.9,Female,586,40.2,reduced milk production;fever;weakness,"Hard quarter of udder, flakes in milk, kicks when milked",Mastitis,49,Medium,General health concern,Monitor the animal closely and consider veterinary consultation.,Open,2026-09-18,Junnar,Junnar,Pune,Maharashtra,Mangal Pawar,Disease_Images/Mastitis
HR0170,DS132,Cow,Jersey,4.9,Male,457,40.7,fever;loss of appetite;weakness;skin problem,Vesicles and erosions in mouth and between hooves; drooling; lameness,Foot_Mouth_Disease,87,High,Skin-related infection risk;Systemic illness risk,Contact a veterinarian promptly and isolate the animal if advised by the veterinarian.,Needs Review,2026-05-22,Sinnar,Sinnar,Nashik,Maharashtra,Bhagwan Gaikwad,Disease_Images/Foot_Mouth_Disease
HR0171,DS132,Cow,Jersey,4.9,Male,457,38.3,,"Alert, normal gait, normal milk yield",Healthy,0,Low,General health concern,Continue preventive care and monitor for new symptoms.,Verified,2026-06-03,Sinnar,Sinnar,Nashik,Maharashtra,Bhagwan Gaikwad,Disease_Images/Healthy
HR0172,DS133,Cow,Khillar,8.3,Female,324,40.7,skin problem;loss of appetite,"Firm skin nodules 2-5 cm on neck, back and legs; enlarged lymph nodes",Lumpy_Skin_Disease,50,High,Skin-related infection risk,Contact a veterinarian promptly and isolate the animal if advised by the veterinarian.,Verified,2026-09-06,Kagal,Kagal,Kolhapur,Maharashtra,Sachin Deshmukh,Disease_Images/Lumpy_Skin_Disease
HR0173,DS133,Cow,Khillar,8.3,Female,324,38.8,,No abnormal signs; normal feeding and rumination,Healthy,0,Low,General health concern,Continue preventive care and monitor for new symptoms.,Verified,2026-09-17,Kagal,Kagal,Kolhapur,Maharashtra,Sachin Deshmukh,Disease_Images/Healthy
HR0174,DS134,Cow,Gir,10.0,Female,446,38.5,,No abnormal signs; normal feeding and rumination,Healthy,0,Low,General health concern,Continue preventive care and monitor for new symptoms.,Verified,2026-09-20,Shirol,Shirol,Kolhapur,Maharashtra,Bhagwan Shinde,Disease_Images/Healthy
HR0175,DS135,Cow,Red Kandhari,1.2,Female,339,38.3,,No abnormal signs; normal feeding and rumination,Healthy,0,Low,General health concern,Continue preventive care and monitor for new symptoms.,Verified,2026-05-20,Kamptee,Kamptee,Nagpur,Maharashtra,Sopan Pawar,Disease_Images/Healthy
HR0176,DS136,Cow,Jersey,5.7,Female,295,40.4,skin problem;fever;loss of appetite;reduced milk production;weakness,"Multiple raised skin nodules, nasal discharge, swelling of legs",Lumpy_Skin_Disease,99,High,Skin-related infection risk;Systemic illness risk,Contact a veterinarian promptly and isolate the animal if advised by the veterinarian.,Verified,2026-08-09,Baramati,Baramati,Pune,Maharashtra,Balasaheb Patil,Disease_Images/Lumpy_Skin_Disease
HR0177,DS136,Cow,Jersey,5.7,Female,295,38.1,,"Alert, normal gait, normal milk yield",Healthy,0,Low,General health concern,Continue preventive care and monitor for new symptoms.,Verified,2026-08-23,Baramati,Baramati,Pune,Maharashtra,Balasaheb Patil,Disease_Images/Healthy
HR0178,DS137,Buffalo,Jaffarabadi,5.3,Female,384,40.5,fever;loss of appetite;reduced milk production;skin problem,"Painful hooves, mouth ulcers, sudden drop in milk yield",Foot_Mouth_Disease,87,High,Skin-related infection risk;Systemic illness risk,Contact a veterinarian promptly and isolate the animal if advised by the veterinarian.,Verified,2026-05-20,Niphad,Niphad,Nashik,Maharashtra,Prakash More,Disease_Images/Foot_Mouth_Disease
HR0179,DS137,Buffalo,Jaffarabadi,5.3,Female,384,38.9,,"Alert, normal gait, normal milk yield",Healthy,0,Low,General health concern,Continue preventive care and monitor for new symptoms.,Verified,2026-06-01,Niphad,Niphad,Nashik,Maharashtra,Prakash More,Disease_Images/Healthy
HR0180,DS138,Buffalo,Pandharpuri,4.3,Female,399,40.7,fever;loss of appetite;reduced milk production;skin problem,Vesicles and erosions in mouth and between hooves; drooling; lameness,Foot_Mouth_Disease,87,High,Skin-related infection risk;Systemic illness risk,Contact a veterinarian promptly and isolate the animal if advised by the veterinarian.,Open,2026-07-15,Sangamner,Sangamner,Ahmednagar,Maharashtra,Kavita Pawar,Disease_Images/Foot_Mouth_Disease
HR0181,DS138,Buffalo,Pandharpuri,4.3,Female,399,38.2,,"Alert, normal gait, normal milk yield",Healthy,0,Low,General health concern,Continue preventive care and monitor for new symptoms.,Verified,2026-07-27,Sangamner,Sangamner,Ahmednagar,Maharashtra,Kavita Pawar,Disease_Images/Healthy
HR0182,DS139,Cow,Red Kandhari,2.2,Female,500,38.2,,No abnormal signs; normal feeding and rumination,Healthy,0,Low,General health concern,Continue preventive care and monitor for new symptoms.,Verified,2026-07-04,Baramati,Baramati,Pune,Maharashtra,Sanjay Shinde,Disease_Images/Healthy
HR0183,DS140,Cow,Red Kandhari,9.0,Female,373,40.2,skin problem;fever,"Multiple raised skin nodules, nasal discharge, swelling of legs",Lumpy_Skin_Disease,50,High,Skin-related infection risk,Contact a veterinarian promptly and isolate the animal if advised by the veterinarian.,Open,2026-09-01,Karad,Karad,Satara,Maharashtra,Shivaji Pawar,Disease_Images/Lumpy_Skin_Disease
HR0184,DS140,Cow,Red Kandhari,9.0,Female,373,38.8,,No abnormal signs; normal feeding and rumination,Healthy,0,Low,General health concern,Continue preventive care and monitor for new symptoms.,Verified,2026-09-21,Karad,Karad,Satara,Maharashtra,Shivaji Pawar,Disease_Images/Healthy
HR0185,DS141,Cow,Khillar,1.5,Female,510,38.5,skin problem,Patchy hair loss with dry scales on shoulder,Ringworm,25,Medium,Skin-related infection risk,Monitor the animal closely and consider veterinary consultation.,Open,2026-08-16,Pandharpur,Pandharpur,Solapur,Maharashtra,Meena Gaikwad,Disease_Images/Ringworm
HR0186,DS141,Cow,Khillar,1.5,Female,510,38.2,,"Alert, normal gait, normal milk yield",Healthy,0,Low,General health concern,Continue preventive care and monitor for new symptoms.,Verified,2026-08-26,Pandharpur,Pandharpur,Solapur,Maharashtra,Meena Gaikwad,Disease_Images/Healthy
HR0187,DS142,Buffalo,Nili-Ravi,3.2,Female,613,38.6,skin problem,Patchy hair loss with dry scales on shoulder,Ringworm,25,Medium,Skin-related infection risk,Monitor the animal closely and consider veterinary consultation.,Open,2026-05-18,Kagal,Kagal,Kolhapur,Maharashtra,Prakash Gaikwad,Disease_Images/Ringworm
HR0188,DS143,Cow,Red Kandhari,9.2,Female,520,40.3,skin problem;fever;loss of appetite;reduced milk production,"Multiple raised skin nodules, nasal discharge, swelling of legs",Lumpy_Skin_Disease,87,High,Skin-related infection risk;Systemic illness risk,Contact a veterinarian promptly and isolate the animal if advised by the veterinarian.,Open,2026-09-03,Miraj,Miraj,Sangli,Maharashtra,Dattatray Jadhav,Disease_Images/Lumpy_Skin_Disease
HR0189,DS144,Cow,Khillar,5.7,Female,390,39.5,reduced milk production;weakness,Udder swelling with reduced milk yield and mild fever,Mastitis,24,Low,General health concern,Continue preventive care and monitor for new symptoms.,Open,2026-05-11,Junnar,Junnar,Pune,Maharashtra,Balasaheb Shinde,Disease_Images/Mastitis
HR0190,DS144,Cow,Khillar,5.7,Female,390,38.2,,"Alert, normal gait, normal milk yield",Healthy,0,Low,General health concern,Continue preventive care and monitor for new symptoms.,Verified,2026-05-24,Junnar,Junnar,Pune,Maharashtra,Balasaheb Shinde,Disease_Images/Healthy
HR0191,DS145,Buffalo,Jaffarabadi,6.1,Female,358,39.5,reduced milk production;fever,Swollen hot painful udder; clotted or watery milk,Mastitis,37,Medium,General health concern,Monitor the animal closely and consider veterinary consultation.,Needs Review,2026-07-17,Kagal,Kagal,Kolhapur,Maharashtra,Sanjay Gaikwad,Disease_Images/Mastitis
HR0192,DS145,Buffalo,Jaffarabadi,6.1,Female,358,38.8,,No abnormal signs; normal feeding and rumination,Healthy,0,Low,General health concern,Continue preventive care and monitor for new symptoms.,Verified,2026-07-29,Kagal,Kagal,Kolhapur,Maharashtra,Sanjay Gaikwad,Disease_Images/Healthy
HR0193,DS146,Cow,Red Kandhari,3.4,Female,360,39.4,reduced milk production;fever;loss of appetite;weakness,Udder swelling with reduced milk yield and mild fever,Mastitis,74,High,Systemic illness risk,Contact a veterinarian promptly and isolate the animal if advised by the veterinarian.,Verified,2026-05-10,Baramati,Baramati,Pune,Maharashtra,Prakash Chavan,Disease_Images/Mastitis
HR0194,DS146,Cow,Red Kandhari,3.4,Female,360,38.2,,No abnormal signs; normal feeding and rumination,Healthy,0,Low,General health concern,Continue preventive care and monitor for new symptoms.,Verified,2026-05-27,Baramati,Baramati,Pune,Maharashtra,Prakash Chavan,Disease_Images/Healthy
HR0195,DS147,Buffalo,Jaffarabadi,3.3,Male,515,38.0,,"Alert, normal gait, normal milk yield",Healthy,0,Low,General health concern,Continue preventive care and monitor for new symptoms.,Verified,2026-05-19,Sangamner,Sangamner,Ahmednagar,Maharashtra,Vijay Shinde,Disease_Images/Healthy
HR0196,DS148,Cow,Holstein Friesian,9.9,Female,513,39.4,reduced milk production;fever;loss of appetite;weakness,"Hard quarter of udder, flakes in milk, kicks when milked",Mastitis,74,High,Systemic illness risk,Contact a veterinarian promptly and isolate the animal if advised by the veterinarian.,Needs Review,2026-08-27,Junnar,Junnar,Pune,Maharashtra,Nitin Shinde,Disease_Images/Mastitis
HR0197,DS149,Cow,Crossbred,7.2,Female,348,39.6,reduced milk production;fever,"Hard quarter of udder, flakes in milk, kicks when milked",Mastitis,37,Medium,General health concern,Monitor the animal closely and consider veterinary consultation.,Needs Review,2026-06-02,Phaltan,Phaltan,Satara,Maharashtra,Ganesh Kadam,Disease_Images/Mastitis
HR0198,DS150,Buffalo,Pandharpuri,2.3,Male,433,40.0,loss of appetite;reduced milk production;weakness;skin problem,"Painful hooves, mouth ulcers, sudden drop in milk yield",Foot_Mouth_Disease,74,High,Skin-related infection risk,Contact a veterinarian promptly and isolate the animal if advised by the veterinarian.,Open,2026-08-05,Sinnar,Sinnar,Nashik,Maharashtra,Balasaheb Gaikwad,Disease_Images/Foot_Mouth_Disease
HR0199,DS151,Cow,Deoni,5.2,Female,397,38.5,,No abnormal signs; normal feeding and rumination,Healthy,0,Low,General health concern,Continue preventive care and monitor for new symptoms.,Verified,2026-07-19,Pandharpur,Pandharpur,Solapur,Maharashtra,Bhagwan Kadam,Disease_Images/Healthy
HR0200,DS152,Buffalo,Murrah,5.2,Female,574,38.5,,No abnormal signs; normal feeding and rumination,Healthy,0,Low,General health concern,Continue preventive care and monitor for new symptoms.,Verified,2026-06-07,Junnar,Junnar,Pune,Maharashtra,Sachin Bhosale,Disease_Images/Healthy
HR0201,DS153,Cow,Jersey,2.6,Female,447,40.9,skin problem;fever;loss of appetite,"Firm skin nodules 2-5 cm on neck, back and legs; enlarged lymph nodes",Lumpy_Skin_Disease,75,High,Skin-related infection risk;Systemic illness risk,Contact a veterinarian promptly and isolate the animal if advised by the veterinarian.,Open,2026-08-09,Kagal,Kagal,Kolhapur,Maharashtra,Bhagwan Shinde,Disease_Images/Lumpy_Skin_Disease
HR0202,DS153,Cow,Jersey,2.6,Female,447,38.4,,No abnormal signs; normal feeding and rumination,Healthy,0,Low,General health concern,Continue preventive care and monitor for new symptoms.,Verified,2026-08-29,Kagal,Kagal,Kolhapur,Maharashtra,Bhagwan Shinde,Disease_Images/Healthy
HR0203,DS154,Buffalo,Jaffarabadi,6.6,Female,512,39.9,reduced milk production;fever;weakness,Swollen hot painful udder; clotted or watery milk,Mastitis,49,Medium,General health concern,Monitor the animal closely and consider veterinary consultation.,Open,2026-08-09,Karad,Karad,Satara,Maharashtra,Bhagwan Jadhav,Disease_Images/Mastitis
HR0204,DS155,Buffalo,Pandharpuri,7.1,Female,489,39.0,skin problem,"Grey crusty round lesions around eyes, mild itching",Ringworm,25,Medium,Skin-related infection risk,Monitor the animal closely and consider veterinary consultation.,Verified,2026-09-08,Sangamner,Sangamner,Ahmednagar,Maharashtra,Sachin Bhosale,Disease_Images/Ringworm
HR0205,DS156,Buffalo,Pandharpuri,4.3,Female,609,38.7,,"Alert, normal gait, normal milk yield",Healthy,0,Low,General health concern,Continue preventive care and monitor for new symptoms.,Verified,2026-07-10,Sangamner,Sangamner,Ahmednagar,Maharashtra,Ganesh Jadhav,Disease_Images/Healthy
HR0206,DS157,Cow,Jersey,7.3,Female,380,38.7,skin problem,"Grey crusty round lesions around eyes, mild itching",Ringworm,25,Medium,Skin-related infection risk,Monitor the animal closely and consider veterinary consultation.,Verified,2026-06-18,Sinnar,Sinnar,Nashik,Maharashtra,Ganesh Shinde,Disease_Images/Ringworm
HR0207,DS158,Cow,Khillar,2.2,Female,510,38.9,,"Alert, normal gait, normal milk yield",Healthy,0,Low,General health concern,Continue preventive care and monitor for new symptoms.,Verified,2026-06-19,Rahuri,Rahuri,Ahmednagar,Maharashtra,Sachin Deshmukh,Disease_Images/Healthy
HR0208,DS159,Cow,Red Kandhari,3.7,Female,302,38.4,,No abnormal signs; normal feeding and rumination,Healthy,0,Low,General health concern,Continue preventive care and monitor for new symptoms.,Verified,2026-07-31,Hingna,Hingna,Nagpur,Maharashtra,Mangal More,Disease_Images/Healthy
HR0209,DS160,Buffalo,Nili-Ravi,5.9,Female,536,41.0,fever;loss of appetite;weakness,Vesicles and erosions in mouth and between hooves; drooling; lameness,Foot_Mouth_Disease,62,High,Systemic illness risk,Contact a veterinarian promptly and isolate the animal if advised by the veterinarian.,Verified,2026-08-25,Sinnar,Sinnar,Nashik,Maharashtra,Vijay Chavan,Disease_Images/Foot_Mouth_Disease
HR0210,DS160,Buffalo,Nili-Ravi,5.9,Female,536,38.1,,No abnormal signs; normal feeding and rumination,Healthy,0,Low,General health concern,Continue preventive care and monitor for new symptoms.,Verified,2026-09-03,Sinnar,Sinnar,Nashik,Maharashtra,Vijay Chavan,Disease_Images/Healthy
HR0211,DS161,Cow,Holstein Friesian,10.4,Female,356,38.4,skin problem,Circular hairless scaly patches on face and neck,Ringworm,25,Medium,Skin-related infection risk,Monitor the animal closely and consider veterinary consultation.,Open,2026-09-11,Niphad,Niphad,Nashik,Maharashtra,Dattatray Shinde,Disease_Images/Ringworm
HR0212,DS161,Cow,Holstein Friesian,10.4,Female,356,38.4,,No abnormal signs; normal feeding and rumination,Healthy,0,Low,General health concern,Continue preventive care and monitor for new symptoms.,Verified,2026-09-21,Niphad,Niphad,Nashik,Maharashtra,Dattatray Shinde,Disease_Images/Healthy
HR0213,DS162,Cow,Red Kandhari,9.5,Female,439,38.2,,"Alert, normal gait, normal milk yield",Healthy,0,Low,General health concern,Continue preventive care and monitor for new symptoms.,Verified,2026-07-05,Sinnar,Sinnar,Nashik,Maharashtra,Suresh Shinde,Disease_Images/Healthy
HR0214,DS163,Buffalo,Jaffarabadi,8.2,Female,542,39.0,skin problem,Circular hairless scaly patches on face and neck,Ringworm,25,Medium,Skin-related infection risk,Monitor the animal closely and consider veterinary consultation.,Verified,2026-06-21,Phaltan,Phaltan,Satara,Maharashtra,Bhagwan Kadam,Disease_Images/Ringworm
HR0215,DS163,Buffalo,Jaffarabadi,8.2,Female,542,38.0,,"Alert, normal gait, normal milk yield",Healthy,0,Low,General health concern,Continue preventive care and monitor for new symptoms.,Verified,2026-07-06,Phaltan,Phaltan,Satara,Maharashtra,Bhagwan Kadam,Disease_Images/Healthy
HR0216,DS164,Buffalo,Jaffarabadi,8.5,Female,503,40.9,skin problem;fever,"Skin nodules with scabs, reduced movement, watery eyes",Lumpy_Skin_Disease,50,High,Skin-related infection risk,Contact a veterinarian promptly and isolate the animal if advised by the veterinarian.,Open,2026-07-12,Kagal,Kagal,Kolhapur,Maharashtra,Vijay Salunkhe,Disease_Images/Lumpy_Skin_Disease
HR0217,DS165,Cow,Deoni,9.8,Female,450,41.0,skin problem;loss of appetite;reduced milk production,"Skin nodules with scabs, reduced movement, watery eyes",Lumpy_Skin_Disease,62,High,Skin-related infection risk,Contact a veterinarian promptly and isolate the animal if advised by the veterinarian.,Open,2026-08-03,Kagal,Kagal,Kolhapur,Maharashtra,Sopan Gaikwad,Disease_Images/Lumpy_Skin_Disease
HR0218,DS165,Cow,Deoni,9.8,Female,450,38.4,,"Alert, normal gait, normal milk yield",Healthy,0,Low,General health concern,Continue preventive care and monitor for new symptoms.,Verified,2026-08-18,Kagal,Kagal,Kolhapur,Maharashtra,Sopan Gaikwad,Disease_Images/Healthy
HR0219,DS166,Cow,Deoni,7.2,Female,485,38.8,skin problem;loss of appetite,Circular hairless scaly patches on face and neck,Ringworm,50,High,Skin-related infection risk,Contact a veterinarian promptly and isolate the animal if advised by the veterinarian.,Needs Review,2026-05-20,Karad,Karad,Satara,Maharashtra,Mangal Deshmukh,Disease_Images/Ringworm
HR0220,DS167,Cow,Holstein Friesian,9.3,Female,391,38.0,,No abnormal signs; normal feeding and rumination,Healthy,0,Low,General health concern,Continue preventive care and monitor for new symptoms.,Verified,2026-07-17,Junnar,Junnar,Pune,Maharashtra,Kavita Bhosale,Disease_Images/Healthy
HR0221,DS168,Cow,Holstein Friesian,3.0,Female,478,38.1,,No abnormal signs; normal feeding and rumination,Healthy,0,Low,General health concern,Continue preventive care and monitor for new symptoms.,Verified,2026-06-14,Rahuri,Rahuri,Ahmednagar,Maharashtra,Bhagwan Kadam,Disease_Images/Healthy
HR0222,DS169,Cow,Jersey,8.6,Female,306,38.0,,No abnormal signs; normal feeding and rumination,Healthy,0,Low,General health concern,Continue preventive care and monitor for new symptoms.,Verified,2026-06-15,Sangamner,Sangamner,Ahmednagar,Maharashtra,Rajesh Kale,Disease_Images/Healthy
HR0223,DS170,Cow,Sahiwal,7.8,Female,348,38.2,,No abnormal signs; normal feeding and rumination,Healthy,0,Low,General health concern,Continue preventive care and monitor for new symptoms.,Verified,2026-07-24,Junnar,Junnar,Pune,Maharashtra,Sopan Bhosale,Disease_Images/Healthy
HR0224,DS171,Cow,Gir,4.1,Female,331,40.0,reduced milk production;loss of appetite;weakness,"Hard quarter of udder, flakes in milk, kicks when milked",Mastitis,49,Medium,General health concern,Monitor the animal closely and consider veterinary consultation.,Verified,2026-06-12,Phaltan,Phaltan,Satara,Maharashtra,Sunita More,Disease_Images/Mastitis
HR0225,DS171,Cow,Gir,4.1,Female,331,38.4,,No abnormal signs; normal feeding and rumination,Healthy,0,Low,General health concern,Continue preventive care and monitor for new symptoms.,Verified,2026-06-27,Phaltan,Phaltan,Satara,Maharashtra,Sunita More,Disease_Images/Healthy
HR0226,DS172,Cow,Red Kandhari,1.1,Female,375,40.8,skin problem;fever;loss of appetite;reduced milk production,"Skin nodules with scabs, reduced movement, watery eyes",Lumpy_Skin_Disease,87,High,Skin-related infection risk;Systemic illness risk,Contact a veterinarian promptly and isolate the animal if advised by the veterinarian.,Open,2026-05-29,Kagal,Kagal,Kolhapur,Maharashtra,Sanjay Pawar,Disease_Images/Lumpy_Skin_Disease
HR0227,DS172,Cow,Red Kandhari,1.1,Female,375,38.6,,"Alert, normal gait, normal milk yield",Healthy,0,Low,General health concern,Continue preventive care and monitor for new symptoms.,Verified,2026-06-19,Kagal,Kagal,Kolhapur,Maharashtra,Sanjay Pawar,Disease_Images/Healthy
HR0228,DS173,Cow,Red Kandhari,5.5,Male,455,39.6,skin problem;fever;loss of appetite,"Multiple raised skin nodules, nasal discharge, swelling of legs",Lumpy_Skin_Disease,75,High,Skin-related infection risk;Systemic illness risk,Contact a veterinarian promptly and isolate the animal if advised by the veterinarian.,Open,2026-07-11,Phaltan,Phaltan,Satara,Maharashtra,Nitin Chavan,Disease_Images/Lumpy_Skin_Disease
HR0229,DS174,Cow,Holstein Friesian,6.6,Male,337,38.5,,No abnormal signs; normal feeding and rumination,Healthy,0,Low,General health concern,Continue preventive care and monitor for new symptoms.,Verified,2026-07-13,Sinnar,Sinnar,Nashik,Maharashtra,Bhagwan Pawar,Disease_Images/Healthy
HR0230,DS175,Buffalo,Nili-Ravi,7.7,Female,471,40.7,skin problem,"Firm skin nodules 2-5 cm on neck, back and legs; enlarged lymph nodes",Lumpy_Skin_Disease,25,Medium,Skin-related infection risk,Monitor the animal closely and consider veterinary consultation.,Verified,2026-06-22,Kagal,Kagal,Kolhapur,Maharashtra,Anita Kadam,Disease_Images/Lumpy_Skin_Disease
HR0231,DS176,Cow,Holstein Friesian,8.3,Female,443,40.9,fever;loss of appetite;weakness,Vesicles and erosions in mouth and between hooves; drooling; lameness,Foot_Mouth_Disease,62,High,Systemic illness risk,Contact a veterinarian promptly and isolate the animal if advised by the veterinarian.,Open,2026-06-06,Sinnar,Sinnar,Nashik,Maharashtra,Mangal Shinde,Disease_Images/Foot_Mouth_Disease
HR0232,DS176,Cow,Holstein Friesian,8.3,Female,443,38.8,,"Alert, normal gait, normal milk yield",Healthy,0,Low,General health concern,Continue preventive care and monitor for new symptoms.,Verified,2026-06-24,Sinnar,Sinnar,Nashik,Maharashtra,Mangal Shinde,Disease_Images/Healthy
HR0233,DS177,Cow,Deoni,1.3,Female,409,38.6,,"Alert, normal gait, normal milk yield",Healthy,0,Low,General health concern,Continue preventive care and monitor for new symptoms.,Verified,2026-09-15,Shirol,Shirol,Kolhapur,Maharashtra,Balasaheb Kale,Disease_Images/Healthy
HR0234,DS178,Cow,Khillar,7.3,Female,449,40.5,skin problem;fever;loss of appetite,"Firm skin nodules 2-5 cm on neck, back and legs; enlarged lymph nodes",Lumpy_Skin_Disease,75,High,Skin-related infection risk;Systemic illness risk,Contact a veterinarian promptly and isolate the animal if advised by the veterinarian.,Verified,2026-09-04,Karad,Karad,Satara,Maharashtra,Sunita Jadhav,Disease_Images/Lumpy_Skin_Disease
HR0235,DS178,Cow,Khillar,7.3,Female,449,38.0,,"Alert, normal gait, normal milk yield",Healthy,0,Low,General health concern,Continue preventive care and monitor for new symptoms.,Verified,2026-09-14,Karad,Karad,Satara,Maharashtra,Sunita Jadhav,Disease_Images/Healthy
HR0236,DS179,Buffalo,Nili-Ravi,10.9,Male,466,38.7,,"Alert, normal gait, normal milk yield",Healthy,0,Low,General health concern,Continue preventive care and monitor for new symptoms.,Verified,2026-09-16,Phaltan,Phaltan,Satara,Maharashtra,Prakash Jadhav,Disease_Images/Healthy
HR0237,DS180,Cow,Holstein Friesian,4.0,Female,383,38.7,skin problem,Circular hairless scaly patches on face and neck,Ringworm,25,Medium,Skin-related infection risk,Monitor the animal closely and consider veterinary consultation.,Open,2026-08-29,Phaltan,Phaltan,Satara,Maharashtra,Rajesh Shinde,Disease_Images/Ringworm
HR0238,DS180,Cow,Holstein Friesian,4.0,Female,383,38.7,,"Alert, normal gait, normal milk yield",Healthy,0,Low,General health concern,Continue preventive care and monitor for new symptoms.,Verified,2026-09-09,Phaltan,Phaltan,Satara,Maharashtra,Rajesh Shinde,Disease_Images/Healthy
HR0239,DS181,Cow,Holstein Friesian,4.5,Female,466,40.3,fever;loss of appetite,"Excess salivation, smacking lips, blisters on tongue, reluctant to walk",Foot_Mouth_Disease,50,High,Systemic illness risk,Contact a veterinarian promptly and isolate the animal if advised by the veterinarian.,Verified,2026-08-30,Rahuri,Rahuri,Ahmednagar,Maharashtra,Sanjay Kadam,Disease_Images/Foot_Mouth_Disease
HR0240,DS181,Cow,Holstein Friesian,4.5,Female,466,38.3,,"Alert, normal gait, normal milk yield",Healthy,0,Low,General health concern,Continue preventive care and monitor for new symptoms.,Verified,2026-09-17,Rahuri,Rahuri,Ahmednagar,Maharashtra,Sanjay Kadam,Disease_Images/Healthy
HR0241,DS182,Cow,Gir,7.1,Female,400,38.7,,"Alert, normal gait, normal milk yield",Healthy,0,Low,General health concern,Continue preventive care and monitor for new symptoms.,Verified,2026-07-21,Pandharpur,Pandharpur,Solapur,Maharashtra,Rajesh Patil,Disease_Images/Healthy
HR0242,DS183,Goat,Osmanabadi,5.4,Female,58,38.1,,No abnormal signs; normal feeding and rumination,Healthy,0,Low,General health concern,Continue preventive care and monitor for new symptoms.,Verified,2026-08-26,Phaltan,Phaltan,Satara,Maharashtra,Kavita Chavan,Disease_Images/Healthy
HR0243,DS184,Buffalo,Pandharpuri,10.7,Female,552,38.5,,No abnormal signs; normal feeding and rumination,Healthy,0,Low,General health concern,Continue preventive care and monitor for new symptoms.,Verified,2026-05-20,Junnar,Junnar,Pune,Maharashtra,Ramesh Gaikwad,Disease_Images/Healthy
HR0244,DS185,Cow,Holstein Friesian,9.5,Female,302,40.2,reduced milk production;weakness,Udder swelling with reduced milk yield and mild fever,Mastitis,24,Low,General health concern,Continue preventive care and monitor for new symptoms.,Verified,2026-07-01,Junnar,Junnar,Pune,Maharashtra,Sopan Jadhav,Disease_Images/Mastitis
HR0245,DS185,Cow,Holstein Friesian,9.5,Female,302,38.9,,"Alert, normal gait, normal milk yield",Healthy,0,Low,General health concern,Continue preventive care and monitor for new symptoms.,Verified,2026-07-18,Junnar,Junnar,Pune,Maharashtra,Sopan Jadhav,Disease_Images/Healthy
HR0246,DS186,Buffalo,Nili-Ravi,5.2,Female,350,38.9,,"Alert, normal gait, normal milk yield",Healthy,0,Low,General health concern,Continue preventive care and monitor for new symptoms.,Verified,2026-06-13,Phaltan,Phaltan,Satara,Maharashtra,Anita Gaikwad,Disease_Images/Healthy
HR0247,DS187,Cow,Red Kandhari,7.2,Male,510,38.4,,"Alert, normal gait, normal milk yield",Healthy,0,Low,General health concern,Continue preventive care and monitor for new symptoms.,Verified,2026-06-30,Junnar,Junnar,Pune,Maharashtra,Shivaji Kale,Disease_Images/Healthy
HR0248,DS188,Cow,Khillar,1.8,Female,387,38.8,,"Alert, normal gait, normal milk yield",Healthy,0,Low,General health concern,Continue preventive care and monitor for new symptoms.,Verified,2026-06-25,Sinnar,Sinnar,Nashik,Maharashtra,Ganesh Kadam,Disease_Images/Healthy
HR0249,DS189,Cow,Deoni,8.8,Female,388,40.3,reduced milk production;fever;loss of appetite,Udder swelling with reduced milk yield and mild fever,Mastitis,62,High,Systemic illness risk,Contact a veterinarian promptly and isolate the animal if advised by the veterinarian.,Verified,2026-07-08,Junnar,Junnar,Pune,Maharashtra,Balasaheb Deshmukh,Disease_Images/Mastitis
HR0250,DS189,Cow,Deoni,8.8,Female,388,38.4,,No abnormal signs; normal feeding and rumination,Healthy,0,Low,General health concern,Continue preventive care and monitor for new symptoms.,Verified,2026-07-28,Junnar,Junnar,Pune,Maharashtra,Balasaheb Deshmukh,Disease_Images/Healthy
HR0251,DS190,Cow,Jersey,8.0,Female,509,39.1,skin problem,"Grey crusty round lesions around eyes, mild itching",Ringworm,25,Medium,Skin-related infection risk,Monitor the animal closely and consider veterinary consultation.,Open,2026-08-15,Junnar,Junnar,Pune,Maharashtra,Ganesh Chavan,Disease_Images/Ringworm
HR0252,DS190,Cow,Jersey,8.0,Female,509,38.7,,No abnormal signs; normal feeding and rumination,Healthy,0,Low,General health concern,Continue preventive care and monitor for new symptoms.,Verified,2026-08-26,Junnar,Junnar,Pune,Maharashtra,Ganesh Chavan,Disease_Images/Healthy
HR0253,DS191,Cow,Red Kandhari,4.0,Female,434,40.5,skin problem;fever,"Skin nodules with scabs, reduced movement, watery eyes",Lumpy_Skin_Disease,50,High,Skin-related infection risk,Contact a veterinarian promptly and isolate the animal if advised by the veterinarian.,Verified,2026-08-31,Kagal,Kagal,Kolhapur,Maharashtra,Shivaji Patil,Disease_Images/Lumpy_Skin_Disease
HR0254,DS192,Cow,Red Kandhari,9.3,Female,466,40.0,skin problem;fever;loss of appetite;reduced milk production,"Firm skin nodules 2-5 cm on neck, back and legs; enlarged lymph nodes",Lumpy_Skin_Disease,87,High,Skin-related infection risk;Systemic illness risk,Contact a veterinarian promptly and isolate the animal if advised by the veterinarian.,Open,2026-05-29,Shirol,Shirol,Kolhapur,Maharashtra,Shivaji Jadhav,Disease_Images/Lumpy_Skin_Disease
HR0255,DS192,Cow,Red Kandhari,9.3,Female,466,38.3,,"Alert, normal gait, normal milk yield",Healthy,0,Low,General health concern,Continue preventive care and monitor for new symptoms.,Verified,2026-06-13,Shirol,Shirol,Kolhapur,Maharashtra,Shivaji Jadhav,Disease_Images/Healthy
HR0256,DS193,Cow,Jersey,1.4,Female,346,38.8,,"Alert, normal gait, normal milk yield",Healthy,0,Low,General health concern,Continue preventive care and monitor for new symptoms.,Verified,2026-07-29,Phaltan,Phaltan,Satara,Maharashtra,Bhagwan Salunkhe,Disease_Images/Healthy
HR0257,DS194,Cow,Khillar,8.5,Female,387,40.0,reduced milk production,"Hard quarter of udder, flakes in milk, kicks when milked",Mastitis,12,Low,General health concern,Continue preventive care and monitor for new symptoms.,Verified,2026-05-12,Phaltan,Phaltan,Satara,Maharashtra,Sunita Deshmukh,Disease_Images/Mastitis
HR0258,DS194,Cow,Khillar,8.5,Female,387,38.2,,"Alert, normal gait, normal milk yield",Healthy,0,Low,General health concern,Continue preventive care and monitor for new symptoms.,Verified,2026-05-28,Phaltan,Phaltan,Satara,Maharashtra,Sunita Deshmukh,Disease_Images/Healthy
HR0259,DS195,Cow,Sahiwal,3.8,Male,312,40.6,skin problem;fever;loss of appetite;weakness,"Multiple raised skin nodules, nasal discharge, swelling of legs",Lumpy_Skin_Disease,87,High,Skin-related infection risk;Systemic illness risk,Contact a veterinarian promptly and isolate the animal if advised by the veterinarian.,Open,2026-09-17,Shirol,Shirol,Kolhapur,Maharashtra,Dattatray Salunkhe,Disease_Images/Lumpy_Skin_Disease
HR0260,DS196,Cow,Deoni,5.7,Male,389,38.3,skin problem,Patchy hair loss with dry scales on shoulder,Ringworm,25,Medium,Skin-related infection risk,Monitor the animal closely and consider veterinary consultation.,Verified,2026-07-29,Phaltan,Phaltan,Satara,Maharashtra,Mangal Chavan,Disease_Images/Ringworm
HR0261,DS197,Buffalo,Jaffarabadi,5.8,Female,481,38.6,,"Alert, normal gait, normal milk yield",Healthy,0,Low,General health concern,Continue preventive care and monitor for new symptoms.,Verified,2026-06-15,Phaltan,Phaltan,Satara,Maharashtra,Sunita Kale,Disease_Images/Healthy
HR0262,DS198,Buffalo,Jaffarabadi,4.6,Female,415,38.1,,No abnormal signs; normal feeding and rumination,Healthy,0,Low,General health concern,Continue preventive care and monitor for new symptoms.,Verified,2026-08-12,Sangamner,Sangamner,Ahmednagar,Maharashtra,Balasaheb Bhosale,Disease_Images/Healthy
HR0263,DS199,Cow,Holstein Friesian,3.3,Female,353,40.5,skin problem;fever;loss of appetite,"Firm skin nodules 2-5 cm on neck, back and legs; enlarged lymph nodes",Lumpy_Skin_Disease,75,High,Skin-related infection risk;Systemic illness risk,Contact a veterinarian promptly and isolate the animal if advised by the veterinarian.,Open,2026-08-20,Phaltan,Phaltan,Satara,Maharashtra,Lata Bhosale,Disease_Images/Lumpy_Skin_Disease
HR0264,DS199,Cow,Holstein Friesian,3.3,Female,353,38.9,,No abnormal signs; normal feeding and rumination,Healthy,0,Low,General health concern,Continue preventive care and monitor for new symptoms.,Verified,2026-09-10,Phaltan,Phaltan,Satara,Maharashtra,Lata Bhosale,Disease_Images/Healthy
HR0265,DS200,Cow,Jersey,5.4,Female,424,39.0,skin problem,"Grey crusty round lesions around eyes, mild itching",Ringworm,25,Medium,Skin-related infection risk,Monitor the animal closely and consider veterinary consultation.,Open,2026-08-28,Sangamner,Sangamner,Ahmednagar,Maharashtra,Rajesh Kale,Disease_Images/Ringworm
HR0266,DS200,Cow,Jersey,5.4,Female,424,38.2,,"Alert, normal gait, normal milk yield",Healthy,0,Low,General health concern,Continue preventive care and monitor for new symptoms.,Verified,2026-09-05,Sangamner,Sangamner,Ahmednagar,Maharashtra,Rajesh Kale,Disease_Images/Healthy
HR0267,DS201,Cow,Jersey,6.3,Male,486,39.7,skin problem;fever;weakness,"Multiple raised skin nodules, nasal discharge, swelling of legs",Lumpy_Skin_Disease,62,High,Skin-related infection risk,Contact a veterinarian promptly and isolate the animal if advised by the veterinarian.,Open,2026-07-20,Baramati,Baramati,Pune,Maharashtra,Ramesh Kadam,Disease_Images/Lumpy_Skin_Disease
HR0268,DS201,Cow,Jersey,6.3,Male,486,38.5,,No abnormal signs; normal feeding and rumination,Healthy,0,Low,General health concern,Continue preventive care and monitor for new symptoms.,Verified,2026-07-30,Baramati,Baramati,Pune,Maharashtra,Ramesh Kadam,Disease_Images/Healthy
HR0269,DS202,Cow,Holstein Friesian,1.5,Male,395,39.9,skin problem;fever;weakness,"Multiple raised skin nodules, nasal discharge, swelling of legs",Lumpy_Skin_Disease,62,High,Skin-related infection risk,Contact a veterinarian promptly and isolate the animal if advised by the veterinarian.,Verified,2026-07-10,Miraj,Miraj,Sangli,Maharashtra,Sunita Bhosale,Disease_Images/Lumpy_Skin_Disease
HR0270,DS202,Cow,Holstein Friesian,1.5,Male,395,38.2,,No abnormal signs; normal feeding and rumination,Healthy,0,Low,General health concern,Continue preventive care and monitor for new symptoms.,Verified,2026-07-20,Miraj,Miraj,Sangli,Maharashtra,Sunita Bhosale,Disease_Images/Healthy
HR0271,DS203,Cow,Crossbred,3.1,Male,397,38.1,,"Alert, normal gait, normal milk yield",Healthy,0,Low,General health concern,Continue preventive care and monitor for new symptoms.,Verified,2026-06-17,Shirur,Shirur,Pune,Maharashtra,Bhagwan Bhosale,Disease_Images/Healthy
HR0272,DS204,Cow,Deoni,3.8,Male,479,40.4,skin problem;loss of appetite,"Firm skin nodules 2-5 cm on neck, back and legs; enlarged lymph nodes",Lumpy_Skin_Disease,50,High,Skin-related infection risk,Contact a veterinarian promptly and isolate the animal if advised by the veterinarian.,Needs Review,2026-08-02,Shirol,Shirol,Kolhapur,Maharashtra,Kavita Shinde,Disease_Images/Lumpy_Skin_Disease
HR0273,DS205,Cow,Crossbred,2.3,Female,409,40.7,fever;reduced milk production;weakness,Vesicles and erosions in mouth and between hooves; drooling; lameness,Foot_Mouth_Disease,49,Medium,General health concern,Monitor the animal closely and consider veterinary consultation.,Open,2026-05-25,Niphad,Niphad,Nashik,Maharashtra,Sachin Kale,Disease_Images/Foot_Mouth_Disease
HR0274,DS206,Buffalo,Murrah,1.0,Female,455,38.9,skin problem,Patchy hair loss with dry scales on shoulder,Ringworm,25,Medium,Skin-related infection risk,Monitor the animal closely and consider veterinary consultation.,Open,2026-07-17,Sinnar,Sinnar,Nashik,Maharashtra,Sanjay Jadhav,Disease_Images/Ringworm
HR0275,DS206,Buffalo,Murrah,1.0,Female,455,38.2,,"Alert, normal gait, normal milk yield",Healthy,0,Low,General health concern,Continue preventive care and monitor for new symptoms.,Verified,2026-08-03,Sinnar,Sinnar,Nashik,Maharashtra,Sanjay Jadhav,Disease_Images/Healthy
HR0276,DS207,Cow,Jersey,3.9,Female,373,39.8,skin problem;fever;loss of appetite;reduced milk production;weakness,"Firm skin nodules 2-5 cm on neck, back and legs; enlarged lymph nodes",Lumpy_Skin_Disease,99,High,Skin-related infection risk;Systemic illness risk,Contact a veterinarian promptly and isolate the animal if advised by the veterinarian.,Verified,2026-06-02,Kagal,Kagal,Kolhapur,Maharashtra,Mangal Jadhav,Disease_Images/Lumpy_Skin_Disease
HR0277,DS208,Cow,Sahiwal,2.6,Female,448,38.3,skin problem,Circular hairless scaly patches on face and neck,Ringworm,25,Medium,Skin-related infection risk,Monitor the animal closely and consider veterinary consultation.,Open,2026-05-03,Rahuri,Rahuri,Ahmednagar,Maharashtra,Sopan Bhosale,Disease_Images/Ringworm
HR0278,DS209,Buffalo,Nili-Ravi,9.4,Female,500,39.9,fever;loss of appetite,"Excess salivation, smacking lips, blisters on tongue, reluctant to walk",Foot_Mouth_Disease,50,High,Systemic illness risk,Contact a veterinarian promptly and isolate the animal if advised by the veterinarian.,Verified,2026-07-27,Sangamner,Sangamner,Ahmednagar,Maharashtra,Balasaheb Kadam,Disease_Images/Foot_Mouth_Disease
HR0279,DS209,Buffalo,Nili-Ravi,9.4,Female,500,38.6,,"Alert, normal gait, normal milk yield",Healthy,0,Low,General health concern,Continue preventive care and monitor for new symptoms.,Verified,2026-08-07,Sangamner,Sangamner,Ahmednagar,Maharashtra,Balasaheb Kadam,Disease_Images/Healthy
HR0280,DS210,Cow,Red Kandhari,7.0,Female,315,38.7,skin problem,Circular hairless scaly patches on face and neck,Ringworm,25,Medium,Skin-related infection risk,Monitor the animal closely and consider veterinary consultation.,Verified,2026-08-04,Shirol,Shirol,Kolhapur,Maharashtra,Sachin Chavan,Disease_Images/Ringworm
HR0281,DS210,Cow,Red Kandhari,7.0,Female,315,38.4,,No abnormal signs; normal feeding and rumination,Healthy,0,Low,General health concern,Continue preventive care and monitor for new symptoms.,Verified,2026-08-15,Shirol,Shirol,Kolhapur,Maharashtra,Sachin Chavan,Disease_Images/Healthy
HR0282,DS211,Buffalo,Pandharpuri,6.3,Female,588,39.8,reduced milk production,"Hard quarter of udder, flakes in milk, kicks when milked",Mastitis,12,Low,General health concern,Continue preventive care and monitor for new symptoms.,Open,2026-06-16,Junnar,Junnar,Pune,Maharashtra,Sopan Chavan,Disease_Images/Mastitis
HR0283,DS211,Buffalo,Pandharpuri,6.3,Female,588,38.1,,No abnormal signs; normal feeding and rumination,Healthy,0,Low,General health concern,Continue preventive care and monitor for new symptoms.,Verified,2026-06-28,Junnar,Junnar,Pune,Maharashtra,Sopan Chavan,Disease_Images/Healthy
HR0284,DS212,Buffalo,Jaffarabadi,9.2,Female,457,40.1,fever;loss of appetite;weakness;skin problem,"Excess salivation, smacking lips, blisters on tongue, reluctant to walk",Foot_Mouth_Disease,87,High,Skin-related infection risk;Systemic illness risk,Contact a veterinarian promptly and isolate the animal if advised by the veterinarian.,Needs Review,2026-07-31,Sangamner,Sangamner,Ahmednagar,Maharashtra,Nitin Pawar,Disease_Images/Foot_Mouth_Disease
HR0285,DS213,Sheep,Deccani,8.1,Female,41,38.3,,No abnormal signs; normal feeding and rumination,Healthy,0,Low,General health concern,Continue preventive care and monitor for new symptoms.,Verified,2026-06-05,Phaltan,Phaltan,Satara,Maharashtra,Vijay Gaikwad,Disease_Images/Healthy
HR0286,DS214,Cow,Holstein Friesian,4.5,Female,451,38.6,,No abnormal signs; normal feeding and rumination,Healthy,0,Low,General health concern,Continue preventive care and monitor for new symptoms.,Verified,2026-09-01,Miraj,Miraj,Sangli,Maharashtra,Anita Shinde,Disease_Images/Healthy
HR0287,DS215,Cow,Khillar,4.5,Female,477,40.1,reduced milk production;fever;weakness,Udder swelling with reduced milk yield and mild fever,Mastitis,49,Medium,General health concern,Monitor the animal closely and consider veterinary consultation.,Verified,2026-07-16,Baramati,Baramati,Pune,Maharashtra,Nitin Patil,Disease_Images/Mastitis
HR0288,DS215,Cow,Khillar,4.5,Female,477,38.9,,"Alert, normal gait, normal milk yield",Healthy,0,Low,General health concern,Continue preventive care and monitor for new symptoms.,Verified,2026-07-25,Baramati,Baramati,Pune,Maharashtra,Nitin Patil,Disease_Images/Healthy
HR0289,DS216,Cow,Sahiwal,3.5,Female,318,41.1,fever;loss of appetite;reduced milk production,"Painful hooves, mouth ulcers, sudden drop in milk yield",Foot_Mouth_Disease,62,High,Systemic illness risk,Contact a veterinarian promptly and isolate the animal if advised by the veterinarian.,Verified,2026-09-01,Pandharpur,Pandharpur,Solapur,Maharashtra,Bhagwan Salunkhe,Disease_Images/Foot_Mouth_Disease
HR0290,DS216,Cow,Sahiwal,3.5,Female,318,38.1,,No abnormal signs; normal feeding and rumination,Healthy,0,Low,General health concern,Continue preventive care and monitor for new symptoms.,Verified,2026-09-12,Pandharpur,Pandharpur,Solapur,Maharashtra,Bhagwan Salunkhe,Disease_Images/Healthy
HR0291,DS217,Buffalo,Jaffarabadi,10.9,Male,536,38.3,,No abnormal signs; normal feeding and rumination,Healthy,0,Low,General health concern,Continue preventive care and monitor for new symptoms.,Verified,2026-05-09,Baramati,Baramati,Pune,Maharashtra,Mangal Chavan,Disease_Images/Healthy
HR0292,DS218,Cow,Red Kandhari,3.7,Female,337,40.4,reduced milk production;fever;loss of appetite;weakness,Swollen hot painful udder; clotted or watery milk,Mastitis,74,High,Systemic illness risk,Contact a veterinarian promptly and isolate the animal if advised by the veterinarian.,Open,2026-06-22,Karad,Karad,Satara,Maharashtra,Nitin Deshmukh,Disease_Images/Mastitis
HR0293,DS218,Cow,Red Kandhari,3.7,Female,337,38.5,,No abnormal signs; normal feeding and rumination,Healthy,0,Low,General health concern,Continue preventive care and monitor for new symptoms.,Verified,2026-07-01,Karad,Karad,Satara,Maharashtra,Nitin Deshmukh,Disease_Images/Healthy
HR0294,DS219,Cow,Gir,3.0,Female,321,40.5,fever;reduced milk production;weakness,"Painful hooves, mouth ulcers, sudden drop in milk yield",Foot_Mouth_Disease,49,Medium,General health concern,Monitor the animal closely and consider veterinary consultation.,Verified,2026-08-09,Sinnar,Sinnar,Nashik,Maharashtra,Ramesh Gaikwad,Disease_Images/Foot_Mouth_Disease
HR0295,DS219,Cow,Gir,3.0,Female,321,38.3,,"Alert, normal gait, normal milk yield",Healthy,0,Low,General health concern,Continue preventive care and monitor for new symptoms.,Verified,2026-08-18,Sinnar,Sinnar,Nashik,Maharashtra,Ramesh Gaikwad,Disease_Images/Healthy
HR0296,DS220,Cow,Holstein Friesian,1.3,Female,333,40.8,loss of appetite;reduced milk production;weakness,"Excess salivation, smacking lips, blisters on tongue, reluctant to walk",Foot_Mouth_Disease,49,Medium,General health concern,Monitor the animal closely and consider veterinary consultation.,Open,2026-09-12,Rahuri,Rahuri,Ahmednagar,Maharashtra,Anita Pawar,Disease_Images/Foot_Mouth_Disease
HR0297,DS220,Cow,Holstein Friesian,1.3,Female,333,38.1,,"Alert, normal gait, normal milk yield",Healthy,0,Low,General health concern,Continue preventive care and monitor for new symptoms.,Verified,2026-09-20,Rahuri,Rahuri,Ahmednagar,Maharashtra,Anita Pawar,Disease_Images/Healthy
HR0298,DS221,Cow,Holstein Friesian,5.3,Male,504,38.1,,"Alert, normal gait, normal milk yield",Healthy,0,Low,General health concern,Continue preventive care and monitor for new symptoms.,Verified,2026-05-12,Kagal,Kagal,Kolhapur,Maharashtra,Sunita Jadhav,Disease_Images/Healthy
HR0299,DS222,Buffalo,Nili-Ravi,2.1,Female,441,38.0,,"Alert, normal gait, normal milk yield",Healthy,0,Low,General health concern,Continue preventive care and monitor for new symptoms.,Verified,2026-06-30,Sinnar,Sinnar,Nashik,Maharashtra,Kavita Chavan,Disease_Images/Healthy
HR0300,DS223,Goat,Osmanabadi,7.9,Male,52,38.2,,No abnormal signs; normal feeding and rumination,Healthy,0,Low,General health concern,Continue preventive care and monitor for new symptoms.,Verified,2026-08-14,Sangamner,Sangamner,Ahmednagar,Maharashtra,Ganesh Deshmukh,Disease_Images/Healthy
HR0301,DS224,Cow,Red Kandhari,2.6,Female,467,40.6,skin problem;fever;loss of appetite;reduced milk production,"Skin nodules with scabs, reduced movement, watery eyes",Lumpy_Skin_Disease,87,High,Skin-related infection risk;Systemic illness risk,Contact a veterinarian promptly and isolate the animal if advised by the veterinarian.,Verified,2026-07-18,Karad,Karad,Satara,Maharashtra,Anita Patil,Disease_Images/Lumpy_Skin_Disease
HR0302,DS225,Buffalo,Murrah,6.2,Male,496,38.7,,"Alert, normal gait, normal milk yield",Healthy,0,Low,General health concern,Continue preventive care and monitor for new symptoms.,Verified,2026-08-28,Shirur,Shirur,Pune,Maharashtra,Suresh Bhosale,Disease_Images/Healthy
HR0303,DS226,Cow,Deoni,9.5,Female,332,39.2,skin problem,Circular hairless scaly patches on face and neck,Ringworm,25,Medium,Skin-related infection risk,Monitor the animal closely and consider veterinary consultation.,Verified,2026-09-19,Sangamner,Sangamner,Ahmednagar,Maharashtra,Anita More,Disease_Images/Ringworm
HR0304,DS227,Cow,Deoni,7.9,Female,479,39.9,skin problem;fever;loss of appetite,"Firm skin nodules 2-5 cm on neck, back and legs; enlarged lymph nodes",Lumpy_Skin_Disease,75,High,Skin-related infection risk;Systemic illness risk,Contact a veterinarian promptly and isolate the animal if advised by the veterinarian.,Open,2026-09-06,Miraj,Miraj,Sangli,Maharashtra,Mangal Gaikwad,Disease_Images/Lumpy_Skin_Disease
HR0305,DS227,Cow,Deoni,7.9,Female,479,38.9,,No abnormal signs; normal feeding and rumination,Healthy,0,Low,General health concern,Continue preventive care and monitor for new symptoms.,Verified,2026-09-15,Miraj,Miraj,Sangli,Maharashtra,Mangal Gaikwad,Disease_Images/Healthy
HR0306,DS228,Buffalo,Jaffarabadi,3.6,Male,561,40.2,skin problem;fever;reduced milk production;weakness,"Multiple raised skin nodules, nasal discharge, swelling of legs",Lumpy_Skin_Disease,74,High,Skin-related infection risk,Contact a veterinarian promptly and isolate the animal if advised by the veterinarian.,Verified,2026-09-04,Phaltan,Phaltan,Satara,Maharashtra,Ganesh Chavan,Disease_Images/Lumpy_Skin_Disease
HR0307,DS228,Buffalo,Jaffarabadi,3.6,Male,561,38.9,,No abnormal signs; normal feeding and rumination,Healthy,0,Low,General health concern,Continue preventive care and monitor for new symptoms.,Verified,2026-09-17,Phaltan,Phaltan,Satara,Maharashtra,Ganesh Chavan,Disease_Images/Healthy
HR0308,DS229,Cow,Red Kandhari,9.9,Female,486,38.8,skin problem,"Grey crusty round lesions around eyes, mild itching",Ringworm,25,Medium,Skin-related infection risk,Monitor the animal closely and consider veterinary consultation.,Verified,2026-08-14,Junnar,Junnar,Pune,Maharashtra,Mangal Pawar,Disease_Images/Ringworm
HR0309,DS229,Cow,Red Kandhari,9.9,Female,486,38.3,,"Alert, normal gait, normal milk yield",Healthy,0,Low,General health concern,Continue preventive care and monitor for new symptoms.,Verified,2026-08-24,Junnar,Junnar,Pune,Maharashtra,Mangal Pawar,Disease_Images/Healthy
HR0310,DS230,Cow,Sahiwal,5.1,Female,387,38.3,skin problem,Patchy hair loss with dry scales on shoulder,Ringworm,25,Medium,Skin-related infection risk,Monitor the animal closely and consider veterinary consultation.,Verified,2026-07-16,Miraj,Miraj,Sangli,Maharashtra,Vijay More,Disease_Images/Ringworm
HR0311,DS231,Cow,Crossbred,9.0,Female,500,38.1,,"Alert, normal gait, normal milk yield",Healthy,0,Low,General health concern,Continue preventive care and monitor for new symptoms.,Verified,2026-07-21,Junnar,Junnar,Pune,Maharashtra,Prakash Kadam,Disease_Images/Healthy
HR0312,DS232,Cow,Holstein Friesian,6.4,Female,473,38.9,,No abnormal signs; normal feeding and rumination,Healthy,0,Low,General health concern,Continue preventive care and monitor for new symptoms.,Verified,2026-05-12,Phaltan,Phaltan,Satara,Maharashtra,Bhagwan Chavan,Disease_Images/Healthy
HR0313,DS233,Buffalo,Nili-Ravi,8.5,Female,617,40.0,loss of appetite;reduced milk production;weakness,"Excess salivation, smacking lips, blisters on tongue, reluctant to walk",Foot_Mouth_Disease,49,Medium,General health concern,Monitor the animal closely and consider veterinary consultation.,Verified,2026-09-19,Sinnar,Sinnar,Nashik,Maharashtra,Meena Pawar,Disease_Images/Foot_Mouth_Disease
HR0314,DS234,Cow,Holstein Friesian,1.5,Male,322,39.5,skin problem;fever;loss of appetite,"Firm skin nodules 2-5 cm on neck, back and legs; enlarged lymph nodes",Lumpy_Skin_Disease,75,High,Skin-related infection risk;Systemic illness risk,Contact a veterinarian promptly and isolate the animal if advised by the veterinarian.,Needs Review,2026-07-24,Baramati,Baramati,Pune,Maharashtra,Ganesh Pawar,Disease_Images/Lumpy_Skin_Disease
HR0315,DS235,Cow,Sahiwal,6.5,Female,328,38.6,,No abnormal signs; normal feeding and rumination,Healthy,0,Low,General health concern,Continue preventive care and monitor for new symptoms.,Verified,2026-07-05,Phaltan,Phaltan,Satara,Maharashtra,Ramesh Patil,Disease_Images/Healthy
HR0316,DS236,Cow,Red Kandhari,3.7,Female,332,38.9,skin problem,Circular hairless scaly patches on face and neck,Ringworm,25,Medium,Skin-related infection risk,Monitor the animal closely and consider veterinary consultation.,Needs Review,2026-09-20,Shirol,Shirol,Kolhapur,Maharashtra,Kavita Kale,Disease_Images/Ringworm
HR0317,DS237,Cow,Deoni,1.9,Female,352,38.7,skin problem,"Grey crusty round lesions around eyes, mild itching",Ringworm,25,Medium,Skin-related infection risk,Monitor the animal closely and consider veterinary consultation.,Verified,2026-05-27,Shirur,Shirur,Pune,Maharashtra,Kavita More,Disease_Images/Ringworm
HR0318,DS238,Buffalo,Murrah,5.3,Female,429,39.8,reduced milk production;weakness,"Hard quarter of udder, flakes in milk, kicks when milked",Mastitis,24,Low,General health concern,Continue preventive care and monitor for new symptoms.,Open,2026-08-04,Kagal,Kagal,Kolhapur,Maharashtra,Sachin Bhosale,Disease_Images/Mastitis
HR0319,DS239,Cow,Jersey,1.1,Female,374,40.5,skin problem;fever;loss of appetite;weakness,"Multiple raised skin nodules, nasal discharge, swelling of legs",Lumpy_Skin_Disease,87,High,Skin-related infection risk;Systemic illness risk,Contact a veterinarian promptly and isolate the animal if advised by the veterinarian.,Open,2026-09-10,Miraj,Miraj,Sangli,Maharashtra,Sopan Bhosale,Disease_Images/Lumpy_Skin_Disease
HR0320,DS240,Cow,Deoni,2.1,Female,366,39.0,skin problem,"Grey crusty round lesions around eyes, mild itching",Ringworm,25,Medium,Skin-related infection risk,Monitor the animal closely and consider veterinary consultation.,Needs Review,2026-09-01,Baramati,Baramati,Pune,Maharashtra,Sanjay Pawar,Disease_Images/Ringworm
HR0321,DS240,Cow,Deoni,2.1,Female,366,38.0,,"Alert, normal gait, normal milk yield",Healthy,0,Low,General health concern,Continue preventive care and monitor for new symptoms.,Verified,2026-09-09,Baramati,Baramati,Pune,Maharashtra,Sanjay Pawar,Disease_Images/Healthy
